dataset,model,operator,folds,num_classes,mean_best_test_acc,std_best_test_acc,mean_test_macro_f1,std_test_macro_f1,mean_test_normalized_acc,std_test_normalized_acc,mean_test_loss,mean_best_epoch,mean_runtime_seconds,total_params,num_branches,residual_mode
SYN_ER_C2,Plain,GCNConv,5,2,1.0,0.0,1.0,0.0,1.0,0.0,2.7130606770242594e-05,30.4,12.757617139816285,39299,3,identity
SYN_ER_C2,Plain,GATConv,5,2,0.995,0.010000000000000009,0.995,0.010000000000000009,0.99,0.020000000000000018,0.02652368911076337,48.4,18.300493574142457,40835,3,identity
SYN_ER_C2,Plain,SAGEConv,5,2,1.0,0.0,1.0,0.0,1.0,0.0,5.069028893558425e-05,33.8,10.928098821640015,77699,3,identity
SYN_ER_C2,Plain,GINConv,5,2,1.0,0.0,1.0,0.0,1.0,0.0,5.733309535571607e-07,17.2,8.300629234313964,89219,3,identity
SYN_ER_C2,VerticalRes,GCNConv,5,2,1.0,0.0,1.0,0.0,1.0,0.0,0.0001546091320051346,28,13.695197105407715,39299,3,identity
SYN_ER_C2,VerticalRes,GATConv,5,2,0.995,0.006123724356957924,0.9949992186279106,0.006124681338417103,0.99,0.012247448713915848,0.009213936742162332,64.8,25.23464889526367,40835,3,identity
SYN_ER_C2,VerticalRes,SAGEConv,5,2,1.0,0.0,1.0,0.0,1.0,0.0,1.467335407046022e-06,42.8,15.017129230499268,77699,3,identity
SYN_ER_C2,VerticalRes,GINConv,5,2,1.0,0.0,1.0,0.0,1.0,0.0,3.814678972702268e-08,26.2,13.086940479278564,89219,3,identity
SYN_ER_C2,HorizontalRes,GCNConv,5,2,1.0,0.0,1.0,0.0,1.0,0.0,1.02151694102659e-05,25.6,15.130991554260254,39299,3,identity
SYN_ER_C2,HorizontalRes,GATConv,5,2,0.9975,0.004999999999999982,0.9974996093139553,0.005000781372089413,0.995,0.009999999999999964,0.003392517601241707,92.6,32.89226579666138,40835,3,identity
SYN_ER_C2,HorizontalRes,SAGEConv,5,2,1.0,0.0,1.0,0.0,1.0,0.0,0.00044675584598508067,69.8,19.665272092819215,77699,3,identity
SYN_ER_C2,HorizontalRes,GINConv,5,2,1.0,0.0,1.0,0.0,1.0,0.0,7.748593588985387e-09,14.4,14.593114328384399,89219,3,identity
SYN_ER_C2,MatrixRes,GCNConv,5,2,1.0,0.0,1.0,0.0,1.0,0.0,0.00021040130986875737,144,54.4996120929718,39299,3,identity
SYN_ER_C2,MatrixRes,GATConv,5,2,1.0,0.0,1.0,0.0,1.0,0.0,0.00010988429739882122,108.4,51.59586310386658,40835,3,identity
SYN_ER_C2,MatrixRes,SAGEConv,5,2,1.0,0.0,1.0,0.0,1.0,0.0,5.487770656031898e-06,102,47.24510250091553,77699,3,identity
SYN_ER_C2,MatrixRes,GINConv,5,2,1.0,0.0,1.0,0.0,1.0,0.0,1.8834971227121855e-07,36.8,29.747162199020387,89219,3,identity
SYN_ER_C2,MatrixResGated,GCNConv,5,2,1.0,0.0,1.0,0.0,1.0,0.0,8.591881614847808e-05,130.4,53.820495986938475,39299,3,sparse
SYN_ER_C2,MatrixResGated,GATConv,5,2,1.0,0.0,1.0,0.0,1.0,0.0,0.00027911264951399064,121.2,55.743419599533084,40835,3,sparse
SYN_ER_C2,MatrixResGated,SAGEConv,5,2,1.0,0.0,1.0,0.0,1.0,0.0,1.7467059964815235e-05,146.6,52.16229319572449,77699,3,sparse
SYN_ER_C2,MatrixResGated,GINConv,5,2,0.9975,0.004999999999999982,0.9974996093139553,0.005000781372089413,0.995,0.009999999999999964,0.029139492809734692,59.8,37.135932540893556,89219,3,sparse
SYN_ER_C3,Plain,GCNConv,5,3,0.9983333333333333,0.0033333333333333214,0.9983330728759702,0.003333854248059609,0.9975,0.004999999999999982,0.016176144767086953,158.4,28.95895447731018,39364,3,identity
SYN_ER_C3,Plain,GATConv,5,3,0.995,0.006666666666666682,0.9949976549064059,0.006670445180584942,0.9924999999999999,0.010000000000000082,0.031644594855606556,115,33.98406219482422,40900,3,identity
SYN_ER_C3,Plain,SAGEConv,5,3,0.9833333333333333,0.01748014746950255,0.983274159586273,0.01758779711605814,0.975,0.026220221204253824,0.04084741449914873,97,20.389289379119873,77764,3,identity
SYN_ER_C3,Plain,GINConv,5,3,0.9933333333333333,0.008164965809277286,0.9933090897860546,0.00819471943863199,0.9899999999999999,0.01224744871391601,0.09356328970752656,82,19.94365825653076,89284,3,identity
SYN_ER_C3,VerticalRes,GCNConv,5,3,0.9983333333333333,0.0033333333333333214,0.9983330728759702,0.003333854248059609,0.9975,0.004999999999999982,0.015670034429058434,141.6,35.93490958213806,39364,3,identity
SYN_ER_C3,VerticalRes,GATConv,5,3,0.9933333333333333,0.009718253158075509,0.9933314900966096,0.00972128372934853,0.99,0.014577379737113325,0.02388610881753266,84,33.86853938102722,40900,3,identity
SYN_ER_C3,VerticalRes,SAGEConv,5,3,0.9966666666666667,0.004082482904638616,0.9966661457519403,0.004083120892278068,0.995,0.006123724356957924,0.037983197212452066,150.2,32.30999221801758,77764,3,identity
SYN_ER_C3,VerticalRes,GINConv,5,3,0.9883333333333333,0.008498365855987993,0.9883312296392465,0.008500645015867869,0.9824999999999999,0.01274754878398206,0.09931959067471326,65.2,22.226760339736938,89284,3,identity
SYN_ER_C3,HorizontalRes,GCNConv,5,3,0.9933333333333333,0.006236095644623249,0.9933307277823761,0.006239577999669135,0.99,0.009354143466934927,0.026103507257357706,147.8,39.48921308517456,39364,3,identity
SYN_ER_C3,HorizontalRes,GATConv,5,3,0.995,0.006666666666666682,0.9949976549064059,0.006670445180584942,0.9924999999999999,0.010000000000000082,0.024984094453975557,104,41.22754588127136,40900,3,identity
SYN_ER_C3,HorizontalRes,SAGEConv,5,3,0.9966666666666667,0.004082482904638616,0.9966661457519403,0.004083120892278068,0.995,0.006123724356957924,0.019611528603127225,141.2,36.74027109146118,77764,3,identity
SYN_ER_C3,HorizontalRes,GINConv,5,3,0.9916666666666667,0.005270462766947316,0.9916638006583463,0.005273759213982825,0.9874999999999999,0.007905694150421026,0.07316165147349238,74.6,26.41452212333679,89284,3,identity
SYN_ER_C3,MatrixRes,GCNConv,5,3,0.995,0.006666666666666682,0.9949976549064059,0.006670445180584942,0.9924999999999999,0.010000000000000082,0.021717911335872486,162.4,64.50070385932922,39364,3,identity
SYN_ER_C3,MatrixRes,GATConv,5,3,0.9916666666666667,0.007453559924999322,0.9916622369368415,0.007458221477248285,0.9874999999999999,0.011180339887499058,0.03517686724662781,140.4,71.20626411437988,40900,3,identity
SYN_ER_C3,MatrixRes,SAGEConv,5,3,0.9966666666666667,0.004082482904638616,0.9966661457519403,0.004083120892278068,0.995,0.006123724356957924,0.024761973961722104,119,52.75547018051147,77764,3,identity
SYN_ER_C3,MatrixRes,GINConv,5,3,0.9933333333333333,0.006236095644623249,0.9933307277823761,0.006239577999669135,0.99,0.009354143466934927,0.05974337365478277,49.8,36.33988347053528,89284,3,identity
SYN_ER_C3,MatrixResGated,GCNConv,5,3,0.995,0.006666666666666682,0.9949976549064059,0.006670445180584942,0.9924999999999999,0.010000000000000082,0.022857091441983356,150.4,61.730093240737915,39364,3,sparse
SYN_ER_C3,MatrixResGated,GATConv,5,3,0.9933333333333333,0.006236095644623249,0.9933307277823761,0.006239577999669135,0.99,0.009354143466934927,0.03745035429019481,110.4,64.94430394172669,40900,3,sparse
SYN_ER_C3,MatrixResGated,SAGEConv,5,3,0.9966666666666667,0.004082482904638616,0.9966661457519403,0.004083120892278068,0.995,0.006123724356957924,0.027995284018106758,127,53.206003189086914,77764,3,sparse
SYN_ER_C3,MatrixResGated,GINConv,5,3,0.9933333333333333,0.006236095644623249,0.9933307277823761,0.006239577999669135,0.99,0.009354143466934927,0.04900850122794509,96.2,44.98384156227112,89284,3,sparse
SYN_ER_C4,Plain,GCNConv,5,4,0.98625,0.0046770717334674574,0.9862464973859951,0.004677934870046976,0.9816666666666667,0.006236095644623261,0.045070139691233635,132.2,34.04231667518616,39429,3,identity
SYN_ER_C4,Plain,GATConv,5,4,0.97125,0.017940875118009153,0.971299445857916,0.017904187791132887,0.9616666666666667,0.02392116682401221,0.10049411542713642,91.8,39.32821960449219,40965,3,identity
SYN_ER_C4,Plain,SAGEConv,5,4,0.96875,0.02404423007708919,0.9683937210223633,0.02444442655847937,0.9583333333333334,0.03205897343611894,0.06716830730438232,92.6,27.640489625930787,77829,3,identity
SYN_ER_C4,Plain,GINConv,5,4,0.9275,0.01837117307087385,0.9268498605548113,0.018947327657167334,0.9033333333333333,0.024494897427831806,0.32808905839920044,60.6,22.867555570602416,89349,3,identity
SYN_ER_C4,VerticalRes,GCNConv,5,4,0.9825,0.01211919964354083,0.9824829906014787,0.01216065507747866,0.9766666666666667,0.016158932858054424,0.045740519929677245,110.4,42.407568502426145,39429,3,identity
SYN_ER_C4,VerticalRes,GATConv,5,4,0.95625,0.024044230077089175,0.9559012571956198,0.02443396618009275,0.9416666666666667,0.03205897343611892,0.1352180741727352,72.8,40.877366828918454,40965,3,identity
SYN_ER_C4,VerticalRes,SAGEConv,5,4,0.97,0.009999999999999964,0.9699099502893638,0.010001170010939715,0.9600000000000001,0.013333333333333286,0.08873075619339943,112.2,36.53231301307678,77829,3,identity
SYN_ER_C4,VerticalRes,GINConv,5,4,0.9349999999999999,0.021139418156609673,0.9347761536798442,0.021746779013601485,0.9133333333333333,0.028185890875479548,0.31873525083065035,79.8,34.018481206893924,89349,3,identity
SYN_ER_C4,HorizontalRes,GCNConv,5,4,0.9875,0.005590169943749504,0.9874966927290175,0.005591456890070257,0.9833333333333334,0.007453559924999322,0.03818883877247572,134.8,49.93988471031189,39429,3,identity
SYN_ER_C4,HorizontalRes,GATConv,5,4,0.9775,0.015103807466993241,0.9775751084182138,0.014938909669389839,0.97,0.020138409955991,0.0801239924505353,96.4,49.993526220321655,40965,3,identity
SYN_ER_C4,HorizontalRes,SAGEConv,5,4,0.98375,0.005000000000000032,0.9836938422914033,0.005005780778299528,0.9783333333333334,0.006666666666666693,0.0650341909378767,120.8,45.473843002319335,77829,3,identity
SYN_ER_C4,HorizontalRes,GINConv,5,4,0.9349999999999999,0.01704772712123234,0.9350022185034729,0.016856993602302934,0.9133333333333333,0.022730302828309786,0.24153016209602357,54,30.939877033233643,89349,3,identity
SYN_ER_C4,MatrixRes,GCNConv,5,4,0.98125,0.014252192813739222,0.9811943429276625,0.014323184437699577,0.975,0.01900292375165228,0.0585967268794775,136.6,80.89564161300659,39429,3,identity
SYN_ER_C4,MatrixRes,GATConv,5,4,0.9812500000000001,0.011180339887498959,0.981267537779653,0.011179419038878615,0.9750000000000001,0.014907119849998594,0.07242855802178383,79,71.477241563797,40965,3,identity
SYN_ER_C4,MatrixRes,SAGEConv,5,4,0.98125,0.005590169943749504,0.9811800776285158,0.005589035534863783,0.975,0.007453559924999322,0.07321848720312119,142,74.01781754493713,77829,3,identity
SYN_ER_C4,MatrixRes,GINConv,5,4,0.955,0.014999999999999996,0.9548115509287026,0.01514836263952648,0.94,0.020000000000000028,0.15137191414833068,36.4,43.322020530700684,89349,3,identity
SYN_ER_C4,MatrixResGated,GCNConv,5,4,0.9812500000000001,0.01045825033167596,0.9812374145232795,0.010442458887265083,0.9750000000000001,0.013944333775567929,0.05702659823000431,112.2,76.05707483291626,39429,3,sparse
SYN_ER_C4,MatrixResGated,GATConv,5,4,0.97375,0.015000000000000022,0.9737707336020075,0.014910328024474093,0.965,0.02000000000000004,0.0741738960146904,83.8,74.98357148170471,40965,3,sparse
SYN_ER_C4,MatrixResGated,SAGEConv,5,4,0.97875,0.006373774391990989,0.9786722723870094,0.006411639446507756,0.9716666666666667,0.008498365855987976,0.07720607221126556,122,74.18438720703125,77829,3,sparse
SYN_ER_C4,MatrixResGated,GINConv,5,4,0.9525,0.02391390808713624,0.9522160497713584,0.024345018518239215,0.9366666666666666,0.031885210782848346,0.18782067224383353,56.6,52.84669194221497,89349,3,sparse
SYN_ER_C5,Plain,GCNConv,5,5,0.958,0.013999999999999976,0.9578606870716495,0.014013985712249995,0.9474999999999999,0.017499999999999967,0.11448834538459778,89.2,32.774803495407106,39494,3,identity
SYN_ER_C5,Plain,GATConv,5,5,0.937,0.011661903789690562,0.936912206282412,0.011750628988244194,0.92125,0.014577379737113278,0.1777014911174774,91.6,44.25340666770935,41030,3,identity
SYN_ER_C5,Plain,SAGEConv,5,5,0.923,0.023999999999999973,0.9220674716101911,0.024668557364142196,0.9037499999999999,0.030000000000000006,0.19070080369710923,81.8,28.03171901702881,77894,3,identity
SYN_ER_C5,Plain,GINConv,5,5,0.871,0.02177154105707726,0.8700740164634344,0.021063283724299806,0.83875,0.027214426321346585,0.3529763877391815,70.2,27.461836719512938,89414,3,identity
SYN_ER_C5,VerticalRes,GCNConv,5,5,0.961,0.012409673645990868,0.9608767152221678,0.012569326074982392,0.9512499999999999,0.015512092057488573,0.10343679562211036,78.8,37.33911709785461,39494,3,identity
SYN_ER_C5,VerticalRes,GATConv,5,5,0.843,0.04154515615568197,0.8417669558367259,0.04199445235994565,0.80375,0.05193144519460247,0.4131766438484192,64.4,41.23675351142883,41030,3,identity
SYN_ER_C5,VerticalRes,SAGEConv,5,5,0.945,0.018165902124584923,0.9444078625033253,0.018560954683670985,0.9312499999999999,0.02270737765573112,0.15312534272670747,90.2,37.60045762062073,77894,3,identity
SYN_ER_C5,VerticalRes,GINConv,5,5,0.887,0.028213471959331795,0.885796746709838,0.028129133724642486,0.8587499999999999,0.035266839949164755,0.3196917295455933,69.8,33.593327569961545,89414,3,identity
SYN_ER_C5,HorizontalRes,GCNConv,5,5,0.954,0.01827566688249703,0.9539428484530236,0.01836437598524059,0.9425,0.022844583603121298,0.11532539278268814,77.2,41.677289962768555,39494,3,identity
SYN_ER_C5,HorizontalRes,GATConv,5,5,0.933,0.02336664289109583,0.9328375615149591,0.023574107443240167,0.91625,0.029208303613869804,0.20028533786535263,83.6,53.184461784362796,41030,3,identity
SYN_ER_C5,HorizontalRes,SAGEConv,5,5,0.939,0.014628738838327757,0.9387480345798386,0.014699756552642083,0.92375,0.018285923547909685,0.1750159293413162,81.2,40.9677351474762,77894,3,identity
SYN_ER_C5,HorizontalRes,GINConv,5,5,0.869,0.022226110770892888,0.8680350046275239,0.02219412523183091,0.8362499999999999,0.02778263846361609,0.37624301612377165,57,35.09193286895752,89414,3,identity
SYN_ER_C5,MatrixRes,GCNConv,5,5,0.953,0.021118712081942853,0.9530060463155609,0.020981244594178706,0.9412499999999999,0.026398390102428556,0.10900342538952827,94,72.63322257995605,39494,3,identity
SYN_ER_C5,MatrixRes,GATConv,5,5,0.931,0.019849433241279187,0.9306505134676687,0.02017153784014184,0.91375,0.024811791551598968,0.18659187108278275,61.2,66.77190065383911,41030,3,identity
SYN_ER_C5,MatrixRes,SAGEConv,5,5,0.937,0.011661903789690562,0.9367498363991812,0.011727661585184781,0.92125,0.014577379737113134,0.1818269282579422,134.8,80.64726309776306,77894,3,identity
SYN_ER_C5,MatrixRes,GINConv,5,5,0.893,0.04567274898667692,0.8920140988329847,0.04646915166477324,0.86625,0.05709093623334611,0.3120317369699478,43.6,49.23598737716675,89414,3,identity
SYN_ER_C5,MatrixResGated,GCNConv,5,5,0.953,0.017204650534085233,0.9528334002529463,0.01730063335734742,0.9412499999999999,0.021505813167606493,0.10977149307727814,103,77.79573602676392,39494,3,sparse
SYN_ER_C5,MatrixResGated,GATConv,5,5,0.9289999999999999,0.020099751242241757,0.9284248414845074,0.02025794446841076,0.9112499999999999,0.025124689052802206,0.18863170444965363,51.6,63.35558090209961,41030,3,sparse
SYN_ER_C5,MatrixResGated,SAGEConv,5,5,0.919,0.01907878402833888,0.9183048339218708,0.0190905843165598,0.8987499999999999,0.023848480035423635,0.21345444172620773,99.2,70.97722606658935,77894,3,sparse
SYN_ER_C5,MatrixResGated,GINConv,5,5,0.895,0.024899799195977488,0.895008975615003,0.025098653057335392,0.8687499999999999,0.03112474899497186,0.28938368558883665,44.8,52.000043106079104,89414,3,sparse
SYN_ER_C6,Plain,GCNConv,5,6,0.9308333333333333,0.02134374745810946,0.9305994145575051,0.021472912327726922,0.917,0.025612496949731337,0.22383955121040344,136.6,51.35444235801697,39559,3,identity
SYN_ER_C6,Plain,GATConv,5,6,0.9175,0.01943650631615098,0.9172339965689079,0.0193557444073177,0.901,0.023323807579381156,0.2875166594982147,116.8,64.38335680961609,41095,3,identity
SYN_ER_C6,Plain,SAGEConv,5,6,0.9025,0.012801909579781008,0.9015107223378963,0.013058064196137165,0.883,0.015362291495737205,0.2974472761154175,107.2,41.28700170516968,77959,3,identity
SYN_ER_C6,Plain,GINConv,5,6,0.7966666666666666,0.016115899671511422,0.7950132753853467,0.016927894291491823,0.756,0.01933907960581367,0.5017855644226075,74,35.78933315277099,89479,3,identity
SYN_ER_C6,VerticalRes,GCNConv,5,6,0.9325,0.017360555546666392,0.9322809040689423,0.0175895550757804,0.919,0.02083266665599967,0.22236892879009246,117.6,57.02163438796997,39559,3,identity
SYN_ER_C6,VerticalRes,GATConv,5,6,0.9016666666666666,0.02034425935955618,0.9011385769828405,0.020306134005490646,0.882,0.024413111231467426,0.33713098168373107,96.6,65.57615447044373,41095,3,identity
SYN_ER_C6,VerticalRes,SAGEConv,5,6,0.9225,0.011960583412006108,0.9223683868022619,0.012166841115530392,0.907,0.014352700094407351,0.2849413722753525,141.8,60.725641536712644,77959,3,identity
SYN_ER_C6,VerticalRes,GINConv,5,6,0.8266666666666667,0.024381231397212984,0.8245399816339903,0.025492925621012966,0.792,0.029257477676655576,0.47706226706504823,95.4,50.484708881378175,89479,3,identity
SYN_ER_C6,HorizontalRes,GCNConv,5,6,0.9141666666666667,0.02134374745810951,0.9143004635329307,0.021569081085807813,0.897,0.025612496949731417,0.23501862585544586,101.2,61.243795490264894,39559,3,identity
SYN_ER_C6,HorizontalRes,GATConv,5,6,0.895,0.01889297341459107,0.8954548733487611,0.018863815581237408,0.874,0.02267156809750929,0.3169503927230835,109.8,74.17252144813537,41095,3,identity
SYN_ER_C6,HorizontalRes,SAGEConv,5,6,0.8983333333333333,0.014092945437739817,0.8972395335791775,0.01395206066382085,0.878,0.016911534525287767,0.3146518111228943,110.6,59.30920205116272,77959,3,identity
SYN_ER_C6,HorizontalRes,GINConv,5,6,0.7825,0.010992421631894103,0.779813670054228,0.011709037803711886,0.739,0.013190905958272901,0.5153160452842712,63,45.299836826324466,89479,3,identity
SYN_ER_C6,MatrixRes,GCNConv,5,6,0.9291666666666667,0.016457014715109564,0.929090615172408,0.016351150259338466,0.915,0.019748417658131488,0.2264851838350296,117,101.18410410881043,39559,3,identity
SYN_ER_C6,MatrixRes,GATConv,5,6,0.8975,0.016158932858054424,0.8974960489768913,0.016031893695869964,0.877,0.019390719429665308,0.3259282886981964,70,89.08848309516907,41095,3,identity
SYN_ER_C6,MatrixRes,SAGEConv,5,6,0.9033333333333333,0.01870828693386971,0.9027768748918559,0.01845649849764451,0.884,0.022449944320643667,0.307607164978981,142.4,105.96400961875915,77959,3,identity
SYN_ER_C6,MatrixRes,GINConv,5,6,0.8241666666666666,0.019790570145063205,0.8222990016404065,0.020629974737186245,0.789,0.023748684174075853,0.4787990927696228,49.6,64.86380763053894,89479,3,identity
SYN_ER_C6,MatrixResGated,GCNConv,5,6,0.9283333333333333,0.019790570145063198,0.9280565365186111,0.019938518181403846,0.914,0.02374868417407585,0.2482743352651596,116.2,104.1051742553711,39559,3,sparse
SYN_ER_C6,MatrixResGated,GATConv,5,6,0.9091666666666667,0.014766704288891135,0.908861261814778,0.015032678495212297,0.891,0.017720045146669347,0.30111046731472013,93.2,105.2298542022705,41095,3,sparse
SYN_ER_C6,MatrixResGated,SAGEConv,5,6,0.8933333333333333,0.005651941652604393,0.8921850748310352,0.00597951780970519,0.8720000000000001,0.006782329983125255,0.3301362156867981,128.8,104.91873202323913,77959,3,sparse
SYN_ER_C6,MatrixResGated,GINConv,5,6,0.8241666666666667,0.020480342879074152,0.8220402451799388,0.02191994644184673,0.789,0.024576411454889004,0.46579880714416505,57,69.93731575012207,89479,3,sparse
SYN_ER_C7,Plain,GCNConv,5,7,0.875,0.01010152544552211,0.8745185975675867,0.01006292383317978,0.8541666666666666,0.011785113019775828,0.3516442739963532,144.8,55.50294942855835,39624,3,identity
SYN_ER_C7,Plain,GATConv,5,7,0.8442857142857143,0.021261251523053172,0.8431497657007702,0.021427352312387418,0.8183333333333332,0.02480479344356204,0.44328774860927034,110.4,66.58606414794922,41160,3,identity
SYN_ER_C7,Plain,SAGEConv,5,7,0.85,0.015152288168283144,0.8472853947177413,0.0166082821759479,0.8249999999999998,0.0176776695296637,0.4342733697380338,123.4,46.47602338790894,78024,3,identity
SYN_ER_C7,Plain,GINConv,5,7,0.7428571428571429,0.027386127875258296,0.739517224389928,0.02855391249788056,0.7,0.03195048252113468,0.6201466524600983,74.2,37.24381127357483,89544,3,identity
SYN_ER_C7,VerticalRes,GCNConv,5,7,0.8707142857142857,0.014178166600913724,0.8701094095854776,0.014262610038523476,0.8491666666666665,0.01654119436773272,0.35007792242935726,145,67.17659649848937,39624,3,identity
SYN_ER_C7,VerticalRes,GATConv,5,7,0.845,0.02915475947422652,0.8439769835421586,0.028953336902269595,0.8191666666666666,0.0340138860532643,0.4457546785899571,105,74.58925657272339,41160,3,identity
SYN_ER_C7,VerticalRes,SAGEConv,5,7,0.8478571428571429,0.011428571428571427,0.8469441864666716,0.011392278632161284,0.8224999999999999,0.013333333333333364,0.4363345663036619,111,56.202973175048825,78024,3,identity
SYN_ER_C7,VerticalRes,GINConv,5,7,0.7364285714285714,0.03157433729328621,0.7340086081848828,0.03331003919931938,0.6925,0.036836726842167204,0.6077224401065281,63,41.96202192306519,89544,3,identity
SYN_ER_C7,HorizontalRes,GCNConv,5,7,0.8692857142857142,0.02220038609702862,0.8688211634062132,0.022021874685798866,0.8474999999999999,0.025900450446533437,0.3661401668616704,104,66.45516076087952,39624,3,identity
SYN_ER_C7,HorizontalRes,GATConv,5,7,0.8328571428571429,0.04669702608194615,0.8326322706932017,0.04753655816679977,0.8049999999999999,0.054479863762270465,0.47302589476108553,83,71.25062737464904,41160,3,identity
SYN_ER_C7,HorizontalRes,SAGEConv,5,7,0.8442857142857143,0.026973153697855995,0.8424809229448008,0.027421869752162646,0.8183333333333332,0.0314686793141653,0.44775788715907505,102,60.14557332992554,78024,3,identity
SYN_ER_C7,HorizontalRes,GINConv,5,7,0.725,0.028302303937369957,0.7219431962904732,0.028536073433493063,0.6791666666666667,0.03301935459359823,0.6549282317502158,59.8,46.300528812408444,89544,3,identity
SYN_ER_C7,MatrixRes,GCNConv,5,7,0.8664285714285714,0.014392458342578483,0.8660698918372541,0.014426584361918663,0.8441666666666666,0.016791201399674934,0.3595083563668387,120.6,106.50341963768005,39624,3,identity
SYN_ER_C7,MatrixRes,GATConv,5,7,0.8264285714285714,0.039744079266410166,0.8258933927684771,0.04076269211252939,0.7975,0.04636809247747848,0.46536999889782493,77.6,99.7114755153656,41160,3,identity
SYN_ER_C7,MatrixRes,SAGEConv,5,7,0.8371428571428572,0.012494896917525627,0.835151717578807,0.01250922243307092,0.8099999999999999,0.0145773797371132,0.44304834638323104,121.2,101.73350057601928,78024,3,identity
SYN_ER_C7,MatrixRes,GINConv,5,7,0.7785714285714286,0.022360679774997914,0.7778129641917468,0.023420287786162515,0.7416666666666667,0.026087459737497553,0.5709204462596348,45.6,66.19147601127625,89544,3,identity
SYN_ER_C7,MatrixResGated,GCNConv,5,7,0.865,0.010926470386270253,0.8640262064880553,0.011206737019897684,0.8424999999999999,0.012747548783981993,0.3709564527443477,112.2,106.55519580841064,39624,3,sparse
SYN_ER_C7,MatrixResGated,GATConv,5,7,0.8271428571428572,0.040945458994190075,0.8265869477817989,0.040905675346192716,0.7983333333333332,0.0477697021598884,0.4759665454285485,93.6,113.04986267089843,41160,3,sparse
SYN_ER_C7,MatrixResGated,SAGEConv,5,7,0.8207142857142857,0.011605769149479953,0.8168707674321711,0.012486213398866807,0.7908333333333333,0.013540064007726553,0.46859487448419845,101.8,95.78320350646973,78024,3,sparse
SYN_ER_C7,MatrixResGated,GINConv,5,7,0.7728571428571428,0.0281758327475943,0.7725041175376973,0.029296461382072307,0.735,0.03287180487219332,0.556604734488896,39.6,64.73229503631592,89544,3,sparse
SYN_ER_C8,Plain,GCNConv,5,8,0.8356250000000001,0.009601432184835772,0.8351951112344571,0.009787693428164846,0.8121428571428572,0.010973065354098038,0.4459023988246918,143.8,67.7067400932312,39689,3,identity
SYN_ER_C8,Plain,GATConv,5,8,0.8125,0.013110110602126895,0.8109241832164427,0.013456059241478675,0.7857142857142857,0.014982983545287869,0.5328443622589111,115,79.10230255126953,41225,3,identity
SYN_ER_C8,Plain,SAGEConv,5,8,0.820625,0.010569709078304873,0.8187108903744155,0.011133663821308279,0.795,0.012079667518062682,0.5041398072242737,121.4,54.70438733100891,78089,3,identity
SYN_ER_C8,Plain,GINConv,5,8,0.6825,0.0220617032434035,0.6776176676321368,0.021291888938313408,0.6371428571428571,0.025213375135318312,0.7764827632904053,67.2,42.32190942764282,89609,3,identity
SYN_ER_C8,VerticalRes,GCNConv,5,8,0.8356250000000001,0.008970437559004578,0.8350950802198188,0.009220022953368809,0.8121428571428572,0.010251928638862366,0.45019959449768066,137.6,82.47508697509765,39689,3,identity
SYN_ER_C8,VerticalRes,GATConv,5,8,0.800625,0.02691131267701376,0.7993446219254067,0.027280249294770836,0.7721428571428571,0.030755785916587158,0.5694518280029297,106.4,85.8400420665741,41225,3,identity
SYN_ER_C8,VerticalRes,SAGEConv,5,8,0.811875,0.0049999999999999906,0.8099333161544116,0.0048398420041392215,0.785,0.005714285714285711,0.5112849867343903,125.4,71.41234583854676,78089,3,identity
SYN_ER_C8,VerticalRes,GINConv,5,8,0.700625,0.02549509756796393,0.6960006593150144,0.024958807278531225,0.6578571428571429,0.029137254363387367,0.7123918080329895,71,54.320716094970706,89609,3,identity
SYN_ER_C8,HorizontalRes,GCNConv,5,8,0.83875,0.012279301690242826,0.8382509978240644,0.012755385676467312,0.8157142857142857,0.01403348764599178,0.441538565158844,121.4,88.28618011474609,39689,3,identity
SYN_ER_C8,HorizontalRes,GATConv,5,8,0.79625,0.018477181873868116,0.7964300728019967,0.018668166099536018,0.7671428571428571,0.02111677928442072,0.5372286939620972,106.8,98.83310461044312,41225,3,identity
SYN_ER_C8,HorizontalRes,SAGEConv,5,8,0.8106249999999999,0.009802741963348845,0.8080818210878117,0.010962002108924227,0.7835714285714286,0.011203133672398682,0.5326069474220276,113,77.64888143539429,78089,3,identity
SYN_ER_C8,HorizontalRes,GINConv,5,8,0.6693749999999999,0.040427404071990566,0.6633656159118044,0.04256167227982969,0.6221428571428571,0.04620274751084638,0.7777423763275146,53.2,52.011336135864255,89609,3,identity
SYN_ER_C8,MatrixRes,GCNConv,5,8,0.83125,0.011692679333668585,0.8314732079786343,0.01169232430470925,0.8071428571428572,0.013363062095621249,0.45619372367858885,136.8,133.74654440879823,39689,3,identity
SYN_ER_C8,MatrixRes,GATConv,5,8,0.78125,0.02156023538832543,0.7804753230590082,0.02209596791758855,0.75,0.024640269015229078,0.5779829132556915,79.8,121.90239782333374,41225,3,identity
SYN_ER_C8,MatrixRes,SAGEConv,5,8,0.814375,0.009601432184835772,0.8124021893733873,0.009632514408132235,0.7878571428571428,0.010973065354098012,0.517742075920105,135.2,128.6700572013855,78089,3,identity
SYN_ER_C8,MatrixRes,GINConv,5,8,0.7125,0.03217384419058436,0.7098519724244683,0.031338569328369745,0.6714285714285714,0.036770107646382146,0.696291356086731,50.8,84.07679586410522,89609,3,identity
SYN_ER_C8,MatrixResGated,GCNConv,5,8,0.8375,0.01864554236272036,0.8365987646989554,0.01975506193818445,0.8142857142857143,0.021309191271680378,0.453772177696228,133.8,137.68021392822266,39689,3,sparse
SYN_ER_C8,MatrixResGated,GATConv,5,8,0.805625,0.023832094956172008,0.8050752928920257,0.023653292956948842,0.7778571428571428,0.027236679949910875,0.5294075739383698,84.6,128.5131523132324,41225,3,sparse
SYN_ER_C8,MatrixResGated,SAGEConv,5,8,0.80875,0.013462912017836259,0.8055470706684945,0.013437210269528075,0.7814285714285715,0.01538618516324144,0.5300404858589172,123.6,123.3520619392395,78089,3,sparse
SYN_ER_C8,MatrixResGated,GINConv,5,8,0.7162499999999999,0.03201562118716426,0.7128139455035029,0.032317351050059645,0.6757142857142857,0.03658928135675914,0.7050765752792358,57,84.72024941444397,89609,3,sparse
SYN_BA_C2,Plain,GCNConv,5,2,1.0,0.0,1.0,0.0,1.0,0.0,1.068107485480141e-06,25.8,12.015956687927247,39299,3,identity
SYN_BA_C2,Plain,GATConv,5,2,1.0,0.0,1.0,0.0,1.0,0.0,8.985049594230076e-05,25,14.96603569984436,40835,3,identity
SYN_BA_C2,Plain,SAGEConv,5,2,1.0,0.0,1.0,0.0,1.0,0.0,0.0012259412295700933,26,9.527724742889404,77699,3,identity
SYN_BA_C2,Plain,GINConv,5,2,1.0,0.0,1.0,0.0,1.0,0.0,4.264437009737776e-07,19.6,8.750875759124757,89219,3,identity
SYN_BA_C2,VerticalRes,GCNConv,5,2,1.0,0.0,1.0,0.0,1.0,0.0,1.5139571587496903e-07,28.8,14.6833505153656,39299,3,identity
SYN_BA_C2,VerticalRes,GATConv,5,2,1.0,0.0,1.0,0.0,1.0,0.0,9.74497842420874e-07,33.2,18.490036725997925,40835,3,identity
SYN_BA_C2,VerticalRes,SAGEConv,5,2,1.0,0.0,1.0,0.0,1.0,0.0,0.0004046460571487387,30,13.220949411392212,77699,3,identity
SYN_BA_C2,VerticalRes,GINConv,5,2,1.0,0.0,1.0,0.0,1.0,0.0,1.6987304762849932e-08,12.2,12.127351522445679,89219,3,identity
SYN_BA_C2,HorizontalRes,GCNConv,5,2,1.0,0.0,1.0,0.0,1.0,0.0,1.71357696343577e-07,13.6,14.195529127120972,39299,3,identity
SYN_BA_C2,HorizontalRes,GATConv,5,2,1.0,0.0,1.0,0.0,1.0,0.0,3.370224033574232e-05,34,21.64543981552124,40835,3,identity
SYN_BA_C2,HorizontalRes,SAGEConv,5,2,1.0,0.0,1.0,0.0,1.0,0.0,2.457689765833493e-06,36,16.040266036987305,77699,3,identity
SYN_BA_C2,HorizontalRes,GINConv,5,2,1.0,0.0,1.0,0.0,1.0,0.0,7.7485978522418e-09,14.4,12.981267309188842,89219,3,identity
SYN_BA_C2,MatrixRes,GCNConv,5,2,1.0,0.0,1.0,0.0,1.0,0.0,1.0499823611098691e-05,217.4,63.845600605010986,39299,3,identity
SYN_BA_C2,MatrixRes,GATConv,5,2,1.0,0.0,1.0,0.0,1.0,0.0,1.3297657176281063e-06,85,51.112713146209714,40835,3,identity
SYN_BA_C2,MatrixRes,SAGEConv,5,2,1.0,0.0,1.0,0.0,1.0,0.0,0.0004963552350783828,112,48.305533742904665,77699,3,identity
SYN_BA_C2,MatrixRes,GINConv,5,2,1.0,0.0,1.0,0.0,1.0,0.0,1.7881391922713874e-09,14.6,24.37842788696289,89219,3,identity
SYN_BA_C2,MatrixResGated,GCNConv,5,2,1.0,0.0,1.0,0.0,1.0,0.0,1.244647464773152e-05,118.4,50.28324475288391,39299,3,sparse
SYN_BA_C2,MatrixResGated,GATConv,5,2,1.0,0.0,1.0,0.0,1.0,0.0,1.4453689686888538e-06,62.6,44.32297325134277,40835,3,sparse
SYN_BA_C2,MatrixResGated,SAGEConv,5,2,1.0,0.0,1.0,0.0,1.0,0.0,0.000243576742411733,103,47.912256956100464,77699,3,sparse
SYN_BA_C2,MatrixResGated,GINConv,5,2,1.0,0.0,1.0,0.0,1.0,0.0,1.4901160305669237e-09,16.6,24.815031957626342,89219,3,sparse
SYN_BA_C3,Plain,GCNConv,5,3,0.9183333333333333,0.016158932858054413,0.9177451108379281,0.016650125888644986,0.8775,0.024238399287081682,0.258009272813797,52.8,15.570998382568359,39364,3,identity
SYN_BA_C3,Plain,GATConv,5,3,0.9400000000000001,0.019293061504650384,0.9396628161018364,0.019657763385522473,0.9099999999999999,0.02893959225697554,0.16161321848630905,34.6,18.239001512527466,40900,3,identity
SYN_BA_C3,Plain,SAGEConv,5,3,0.8666666666666667,0.025276251480171832,0.8620460177425556,0.03035025844667616,0.7999999999999999,0.03791437722025775,0.31108629107475283,17.6,10.950353860855103,77764,3,identity
SYN_BA_C3,Plain,GINConv,5,3,1.0,0.0,1.0,0.0,1.0,0.0,7.216442202206963e-06,113.8,23.81021728515625,89284,3,identity
SYN_BA_C3,VerticalRes,GCNConv,5,3,0.9216666666666666,0.006666666666666693,0.9214804608917725,0.006649693040125631,0.8824999999999998,0.010000000000000115,0.23134989142417908,36.4,17.465335369110107,39364,3,identity
SYN_BA_C3,VerticalRes,GATConv,5,3,0.9316666666666666,0.021984843263788186,0.9314041675973184,0.022047058566220728,0.8975,0.03297726489568228,0.24155007004737855,101,34.672119331359866,40900,3,identity
SYN_BA_C3,VerticalRes,SAGEConv,5,3,0.9266666666666666,0.022607766610417534,0.9259880639635494,0.023294615114337596,0.8899999999999999,0.033911649915626375,0.19877595603466033,43.4,17.576876831054687,77764,3,identity
SYN_BA_C3,VerticalRes,GINConv,5,3,1.0,0.0,1.0,0.0,1.0,0.0,1.9557838902528603e-05,69,22.14251775741577,89284,3,identity
SYN_BA_C3,HorizontalRes,GCNConv,5,3,0.91,0.013333333333333336,0.9095839635598671,0.013579678368774951,0.865,0.02000000000000008,0.2919424086809158,34.4,19.460108709335326,39364,3,identity
SYN_BA_C3,HorizontalRes,GATConv,5,3,0.9583333333333334,0.020412414523193124,0.9582134352318676,0.020598648843732994,0.9374999999999999,0.030618621784789617,0.1310938313603401,61.4,28.412203645706178,40900,3,identity
SYN_BA_C3,HorizontalRes,SAGEConv,5,3,0.8716666666666667,0.025055493963954855,0.8677925378940627,0.02759995286671742,0.8074999999999999,0.037583240945932274,0.2803796142339706,25.8,17.01032385826111,77764,3,identity
SYN_BA_C3,HorizontalRes,GINConv,5,3,1.0,0.0,1.0,0.0,1.0,0.0,0.000811518464384875,89.8,28.172181129455566,89284,3,identity
SYN_BA_C3,MatrixRes,GCNConv,5,3,0.9166666666666666,0.005270462766947316,0.9164689442789783,0.005353311686309719,0.8749999999999999,0.007905694150421026,0.3126383155584335,58.2,37.230297040939334,39364,3,identity
SYN_BA_C3,MatrixRes,GATConv,5,3,0.9483333333333334,0.014337208778404371,0.9481793699936115,0.014410247602532273,0.9225,0.02150581316760649,0.1673220068216324,32.4,36.19904761314392,40900,3,identity
SYN_BA_C3,MatrixRes,SAGEConv,5,3,0.9166666666666666,0.023570226039551587,0.9163772579547717,0.023660650243376845,0.875,0.03535533905932739,0.20116101801395417,59.4,36.51407713890076,77764,3,identity
SYN_BA_C3,MatrixRes,GINConv,5,3,0.9983333333333333,0.0033333333333333214,0.9983330728759702,0.003333854248059609,0.9975,0.004999999999999982,0.017519474327410477,78,43.50389218330383,89284,3,identity
SYN_BA_C3,MatrixResGated,GCNConv,5,3,0.9233333333333333,0.006236095644623261,0.9231654757960417,0.006362822463730115,0.8849999999999999,0.009354143466934963,0.2683522403240204,60.2,37.82429547309876,39364,3,sparse
SYN_BA_C3,MatrixResGated,GATConv,5,3,0.955,0.012472191289246475,0.9548857088669142,0.012583276451728298,0.9324999999999999,0.01870828693386964,0.167974117398262,27.8,35.77449760437012,40900,3,sparse
SYN_BA_C3,MatrixResGated,SAGEConv,5,3,0.9233333333333333,0.030912061651652344,0.9225989203563056,0.031669400843202654,0.885,0.04636809247747847,0.21864174902439118,51.8,35.32935991287231,77764,3,sparse
SYN_BA_C3,MatrixResGated,GINConv,5,3,1.0,0.0,1.0,0.0,1.0,0.0,0.0002294770789433187,73.4,42.05576376914978,89284,3,sparse
SYN_BA_C4,Plain,GCNConv,5,4,0.8925,0.01870828693386969,0.8916003582281659,0.018595206656417184,0.8566666666666667,0.024944382578492904,0.2460796743631363,48.2,22.251582670211793,39429,3,identity
SYN_BA_C4,Plain,GATConv,5,4,0.9075,0.018708286933869722,0.9070967020250077,0.019221068336673995,0.8766666666666667,0.024944382578492935,0.24075143933296203,53.6,30.00193338394165,40965,3,identity
SYN_BA_C4,Plain,SAGEConv,5,4,0.8025,0.047532883354578864,0.7855643690988208,0.054842248035965206,0.7366666666666667,0.06337717780610513,0.37069504261016845,23.2,15.684295177459717,77829,3,identity
SYN_BA_C4,Plain,GINConv,5,4,1.0,0.0,1.0,0.0,1.0,0.0,0.00010539274298935198,117,33.26928052902222,89349,3,identity
SYN_BA_C4,VerticalRes,GCNConv,5,4,0.90375,0.02783882181415013,0.9031334940558565,0.028309804713494535,0.8716666666666667,0.03711842908553351,0.23200157880783082,58,29.62468214035034,39429,3,identity
SYN_BA_C4,VerticalRes,GATConv,5,4,0.9087500000000001,0.018791620472966123,0.9083200901200449,0.01849818930759518,0.8783333333333334,0.02505549396395481,0.23111830949783324,63.6,39.106691122055054,40965,3,identity
SYN_BA_C4,VerticalRes,SAGEConv,5,4,0.9037499999999999,0.030259296092275508,0.9019190307513906,0.03244752924672481,0.8716666666666666,0.04034572812303401,0.22101399302482605,50.6,25.059156942367554,77829,3,identity
SYN_BA_C4,VerticalRes,GINConv,5,4,0.9975,0.004999999999999982,0.9974984365228268,0.00500312695434646,0.9966666666666667,0.006666666666666643,0.01194134618061753,131,45.267398023605345,89349,3,identity
SYN_BA_C4,HorizontalRes,GCNConv,5,4,0.89,0.016105123408406398,0.8894188158088102,0.015733032249292154,0.8533333333333334,0.021473497877875183,0.25392277240753175,29,25.373640394210817,39429,3,identity
SYN_BA_C4,HorizontalRes,GATConv,5,4,0.8987499999999999,0.014999999999999998,0.8983442249174548,0.015114346120735807,0.865,0.01999999999999998,0.24657525420188903,47.6,36.79655303955078,40965,3,identity
SYN_BA_C4,HorizontalRes,SAGEConv,5,4,0.82375,0.023184046238739257,0.8107866720765834,0.025670801122901796,0.765,0.030912061651652317,0.34946942925453184,24.4,22.215341997146606,77829,3,identity
SYN_BA_C4,HorizontalRes,GINConv,5,4,0.99875,0.002499999999999991,0.9987498046569776,0.0025003906860447066,0.9983333333333333,0.0033333333333333214,0.0045113566895622625,122,49.37006616592407,89349,3,identity
SYN_BA_C4,MatrixRes,GCNConv,5,4,0.9075,0.023848480035423638,0.9070769125509413,0.02431962747412092,0.8766666666666666,0.03179797338056482,0.21784635484218598,53.2,51.77504196166992,39429,3,identity
SYN_BA_C4,MatrixRes,GATConv,5,4,0.91375,0.03544361719689457,0.9140365112870485,0.035144812174941836,0.885,0.04725815626252607,0.21375391781330108,31.8,50.309663486480716,40965,3,identity
SYN_BA_C4,MatrixRes,SAGEConv,5,4,0.9025,0.0317706625678471,0.9024422910229142,0.031877932304259754,0.87,0.04236088342379613,0.20875112116336822,63.4,52.364191102981565,77829,3,identity
SYN_BA_C4,MatrixRes,GINConv,5,4,1.0,0.0,1.0,0.0,1.0,0.0,0.00045247925599767314,107,72.42091183662414,89349,3,identity
SYN_BA_C4,MatrixResGated,GCNConv,5,4,0.8987499999999999,0.03363406011768427,0.8985023045961567,0.03425544582000593,0.865,0.044845413490245685,0.23873976469039918,45.8,49.58327293395996,39429,3,sparse
SYN_BA_C4,MatrixResGated,GATConv,5,4,0.9025,0.030771334062727914,0.902000512939412,0.031109080121559215,0.87,0.04102844541697052,0.22315246760845184,22.6,46.88302836418152,40965,3,sparse
SYN_BA_C4,MatrixResGated,SAGEConv,5,4,0.905,0.029421505739849543,0.9039825753978814,0.03033262465134119,0.8733333333333333,0.03922867431979936,0.20671937763690948,63.4,53.58336124420166,77829,3,sparse
SYN_BA_C4,MatrixResGated,GINConv,5,4,0.99875,0.002499999999999991,0.9987498046569776,0.0025003906860447066,0.9983333333333333,0.0033333333333333214,0.006899053185588855,89.6,65.410147190094,89349,3,sparse
SYN_BA_C5,Plain,GCNConv,5,5,0.758,0.03515679166249392,0.7480579301219573,0.03814379129471181,0.6974999999999999,0.043945989578117434,0.5075515568256378,46.6,23.82945075035095,39494,3,identity
SYN_BA_C5,Plain,GATConv,5,5,0.808,0.03472751070837066,0.8064770489300197,0.03619089282770828,0.7599999999999999,0.043409388385463314,0.4779402256011963,58.8,35.24315142631531,41030,3,identity
SYN_BA_C5,Plain,SAGEConv,5,5,0.678,0.017492855684535874,0.6569663796556248,0.020486259600642775,0.5974999999999999,0.02186606960566986,0.6741370558738708,29,17.71474447250366,77894,3,identity
SYN_BA_C5,Plain,GINConv,5,5,0.995,0.003162277660168382,0.9949982803950078,0.003164255528389688,0.9937499999999999,0.00395284707521046,0.010426358599215747,151.2,43.13008003234863,89414,3,identity
SYN_BA_C5,VerticalRes,GCNConv,5,5,0.767,0.012884098726725137,0.7610166964646953,0.015316389643859781,0.70875,0.016105123408406405,0.5175388157367706,45,28.828996324539183,39494,3,identity
SYN_BA_C5,VerticalRes,GATConv,5,5,0.771,0.013564659966250548,0.7661161598669199,0.01656560538548728,0.71375,0.016955824957813174,0.5375160813331604,46.8,37.11628279685974,41030,3,identity
SYN_BA_C5,VerticalRes,SAGEConv,5,5,0.797,0.03140063693621515,0.7920322920910681,0.03326329788108866,0.74625,0.03925079617026896,0.4522202730178833,54.8,29.106934547424316,77894,3,identity
SYN_BA_C5,VerticalRes,GINConv,5,5,0.999,0.0020000000000000018,0.9989998437255821,0.0020003125488357474,0.99875,0.0025000000000000356,0.003039338788948953,163.6,49.869244480133055,89414,3,identity
SYN_BA_C5,HorizontalRes,GCNConv,5,5,0.756,0.02764054992217053,0.7446319938675274,0.030621964206739526,0.695,0.03455068740271319,0.521455031633377,16.8,22.78408875465393,39494,3,identity
SYN_BA_C5,HorizontalRes,GATConv,5,5,0.791,0.01959591794226541,0.790569627595005,0.015386565667635336,0.73875,0.02449489742783171,0.4825246512889862,28.2,33.50529036521912,41030,3,identity
SYN_BA_C5,HorizontalRes,SAGEConv,5,5,0.679,0.06537583651472462,0.6598262860956713,0.07159085731290185,0.59875,0.08171979564340576,0.7013525545597077,22.8,22.53544955253601,77894,3,identity
SYN_BA_C5,HorizontalRes,GINConv,5,5,0.997,0.0024494897427831805,0.9969995311767463,0.0024498725353668195,0.99625,0.003061862178479016,0.010989711800357327,127.4,55.85654244422913,89414,3,identity
SYN_BA_C5,MatrixRes,GCNConv,5,5,0.771,0.022226110770892888,0.765427680105748,0.020998342201757374,0.71375,0.027782638463616057,0.49382404088973997,38.4,48.78639636039734,39494,3,identity
SYN_BA_C5,MatrixRes,GATConv,5,5,0.789,0.036386810797320514,0.7844606355875992,0.036751564781411165,0.73625,0.045483513496650634,0.46483948826789856,43.2,59.45287609100342,41030,3,identity
SYN_BA_C5,MatrixRes,SAGEConv,5,5,0.804,0.01685229954635269,0.80059110380785,0.01658008909585409,0.755,0.02106537443294092,0.41926872730255127,59.6,54.781951141357425,77894,3,identity
SYN_BA_C5,MatrixRes,GINConv,5,5,0.999,0.0020000000000000018,0.9989998437255821,0.0020003125488357474,0.99875,0.0025000000000000356,0.0014870240387608647,126.6,79.72901229858398,89414,3,identity
SYN_BA_C5,MatrixResGated,GCNConv,5,5,0.77,0.025495097567963948,0.7621706293061026,0.027038096229970637,0.7125,0.031868871959955004,0.5055908024311065,33.8,48.1720892906189,39494,3,sparse
SYN_BA_C5,MatrixResGated,GATConv,5,5,0.789,0.0200997512422418,0.7849013044785383,0.0210842839730728,0.7362500000000001,0.025124689052802223,0.46081030964851377,41,59.84725570678711,41030,3,sparse
SYN_BA_C5,MatrixResGated,SAGEConv,5,5,0.8099999999999999,0.020736441353327684,0.8055854669579421,0.019076287796800904,0.7625,0.02592055169165959,0.41911099553108216,61.2,56.74869203567505,77894,3,sparse
SYN_BA_C5,MatrixResGated,GINConv,5,5,1.0,0.0,1.0,0.0,1.0,0.0,0.0007920863579784054,154,89.70291004180908,89414,3,sparse
SYN_BA_C6,Plain,GCNConv,5,6,0.7224999999999999,0.023063920838496746,0.7105137653286879,0.025929943320007504,0.6669999999999999,0.027676705006196067,0.5919328689575195,54.4,31.799288511276245,39559,3,identity
SYN_BA_C6,Plain,GATConv,5,6,0.7333333333333333,0.03312434485725298,0.7320284511352307,0.031940852948215026,0.68,0.03974921382870356,0.5642007470130921,77.4,50.89656171798706,41095,3,identity
SYN_BA_C6,Plain,SAGEConv,5,6,0.6533333333333333,0.038586123009300734,0.6222279614118039,0.057361640830830056,0.5840000000000001,0.046303347611160874,0.67400062084198,31.4,23.227754640579224,77959,3,identity
SYN_BA_C6,Plain,GINConv,5,6,0.9908333333333333,0.0048591265790377675,0.990826425345814,0.004864314028897984,0.989,0.005830951894845291,0.01949892994016409,153.2,53.74151272773743,89479,3,identity
SYN_BA_C6,VerticalRes,GCNConv,5,6,0.7333333333333333,0.010206207261596585,0.7207779056064031,0.012423961677310823,0.68,0.012247448713915901,0.579243266582489,57.6,39.78161854743958,39559,3,identity
SYN_BA_C6,VerticalRes,GATConv,5,6,0.7125,0.038459935864047744,0.7025554864332803,0.050100891694467437,0.655,0.046151923036857306,0.6191540479660034,37.6,42.03171343803406,41095,3,identity
SYN_BA_C6,VerticalRes,SAGEConv,5,6,0.7791666666666667,0.020241596335818537,0.7738097132514169,0.02232946962681042,0.735,0.024289915602982236,0.4551375448703766,89.6,45.70447516441345,77959,3,identity
SYN_BA_C6,VerticalRes,GINConv,5,6,0.9975,0.0033333333333333214,0.9974998697713184,0.003333398457213684,0.997,0.0040000000000000036,0.011795838351827116,146,61.764272356033324,89479,3,identity
SYN_BA_C6,HorizontalRes,GCNConv,5,6,0.7083333333333334,0.008740073734751285,0.6891303464827265,0.012487787635154709,0.65,0.010488088481701525,0.6187691569328309,20,30.163783454895018,39559,3,identity
SYN_BA_C6,HorizontalRes,GATConv,5,6,0.7408333333333333,0.006123724356957951,0.7350758635655923,0.008222447716105433,0.6890000000000001,0.007348469228349568,0.5589633822441101,31.2,43.005307865142825,41095,3,identity
SYN_BA_C6,HorizontalRes,SAGEConv,5,6,0.5958333333333333,0.047066737488143134,0.5694967326773874,0.052984508323745245,0.515,0.05648008498577174,0.8574530363082886,14.8,25.45573663711548,77959,3,identity
SYN_BA_C6,HorizontalRes,GINConv,5,6,0.9933333333333333,0.011365151414154883,0.9933330728759702,0.011365380588246338,0.992,0.013638181696985868,0.015451397793367506,131.2,66.03204865455628,89479,3,identity
SYN_BA_C6,MatrixRes,GCNConv,5,6,0.7416666666666667,0.023124061542519343,0.7352457794702018,0.02671324627973337,0.6900000000000001,0.027748873851023224,0.5694210886955261,56.6,70.23236927986144,39559,3,identity
SYN_BA_C6,MatrixRes,GATConv,5,6,0.75,0.023717082451262844,0.744336470739257,0.024114868492867356,0.7000000000000001,0.02846049894151541,0.5213762879371643,35,70.16892557144165,41095,3,identity
SYN_BA_C6,MatrixRes,SAGEConv,5,6,0.7783333333333333,0.009646530752325154,0.7770864294032845,0.010529384594436093,0.7340000000000001,0.011575836902790184,0.449377703666687,106.8,91.21965546607971,77959,3,identity
SYN_BA_C6,MatrixRes,GINConv,5,6,0.9908333333333333,0.006123724356957951,0.990826425345814,0.006128727247997044,0.989,0.007348469228349517,0.05442206617444754,113.2,98.82083034515381,89479,3,identity
SYN_BA_C6,MatrixResGated,GCNConv,5,6,0.7383333333333333,0.022110831935702634,0.7279624044065766,0.028016195512413643,0.6859999999999999,0.026532998322843154,0.5780887246131897,60.6,74.49871520996093,39559,3,sparse
SYN_BA_C6,MatrixResGated,GATConv,5,6,0.7575,0.02131118642090736,0.753071978594222,0.023004309475194967,0.709,0.02557342370508885,0.5289395809173584,36.2,71.64042539596558,41095,3,sparse
SYN_BA_C6,MatrixResGated,SAGEConv,5,6,0.775,0.010206207261596576,0.775960055303293,0.009959237956604436,0.73,0.012247448713915893,0.44651100039482117,84.4,82.56519951820374,77959,3,sparse
SYN_BA_C6,MatrixResGated,GINConv,5,6,0.995,0.003118047822311607,0.9949997395426369,0.003117978227694072,0.994,0.0037416573867739447,0.0252027602866292,117.8,102.62407717704772,89479,3,sparse
SYN_BA_C7,Plain,GCNConv,5,7,0.6914285714285714,0.02687841103175254,0.6812820958567759,0.021323184526072275,0.6399999999999999,0.03135814620371134,0.678196519953864,53.2,34.0848286151886,39624,3,identity
SYN_BA_C7,Plain,GATConv,5,7,0.695,0.016381921344542433,0.6840918456644657,0.018216478685687095,0.6441666666666667,0.01911224156863279,0.688257053579603,49.4,42.433895874023435,41160,3,identity
SYN_BA_C7,Plain,SAGEConv,5,7,0.5750000000000001,0.027756227468179222,0.5408918387961181,0.036025234025613286,0.5041666666666668,0.032382265379542426,0.9028549800600324,31.4,24.23274383544922,78024,3,identity
SYN_BA_C7,Plain,GINConv,5,7,0.9978571428571429,0.0017496355305594068,0.9978568079833903,0.0017499089538334425,0.9975,0.002041241452319308,0.01075251493403422,161.4,57.942484998703,89544,3,identity
SYN_BA_C7,VerticalRes,GCNConv,5,7,0.6992857142857143,0.01538618516324144,0.6837225068727326,0.015501152255692693,0.6491666666666667,0.01795054935711495,0.6809516397544316,53.2,42.00335350036621,39624,3,identity
SYN_BA_C7,VerticalRes,GATConv,5,7,0.7085714285714286,0.023968516765089307,0.7020696200857076,0.027861635388312444,0.66,0.027963269559270826,0.6774740927559989,77.6,62.551579761505124,41160,3,identity
SYN_BA_C7,VerticalRes,SAGEConv,5,7,0.7185714285714285,0.023299294900428678,0.7091845823662812,0.019922590975937463,0.6716666666666666,0.02718251071716681,0.6057955040250506,61.4,40.725637435913086,78024,3,identity
SYN_BA_C7,VerticalRes,GINConv,5,7,0.9957142857142858,0.0041649656391752,0.9957122756340622,0.004167110695801242,0.995,0.004859126579037733,0.014278421973410461,142.6,68.46445260047912,89544,3,identity
SYN_BA_C7,HorizontalRes,GCNConv,5,7,0.6714285714285714,0.01848882729363539,0.6540290468303516,0.019085422506165125,0.6166666666666666,0.021570298509241373,0.7284974142483303,24.8,35.79590892791748,39624,3,identity
SYN_BA_C7,HorizontalRes,GATConv,5,7,0.6957142857142857,0.024784787961282126,0.6849169725562174,0.0280410029593056,0.645,0.028915585954829185,0.6651175853184291,33.6,46.04309606552124,41160,3,identity
SYN_BA_C7,HorizontalRes,SAGEConv,5,7,0.6321428571428571,0.058116701733737126,0.6103026571957036,0.07209845131834619,0.5708333333333333,0.06780281868935997,0.7754839602538518,36,37.698494052886964,78024,3,identity
SYN_BA_C7,HorizontalRes,GINConv,5,7,0.9964285714285714,0.00225876975726312,0.9964273431392913,0.0022601825202783385,0.9958333333333333,0.00263523138347364,0.01236531428743287,173.2,80.38842549324036,89544,3,identity
SYN_BA_C7,MatrixRes,GCNConv,5,7,0.6871428571428572,0.021499881347560607,0.6819707447206299,0.019877536278061804,0.6349999999999999,0.025083194905487393,0.67513239468847,49.4,70.84795761108398,39624,3,identity
SYN_BA_C7,MatrixRes,GATConv,5,7,0.7264285714285714,0.02459882193960365,0.7251745317966428,0.02368104659738714,0.6808333333333333,0.028698625596204265,0.6360326075553894,45,81.01173443794251,41160,3,identity
SYN_BA_C7,MatrixRes,SAGEConv,5,7,0.7328571428571429,0.018126539343499296,0.7303713496885152,0.01681651552756511,0.6883333333333334,0.021147629234082553,0.5750664366994586,82.8,83.51560997962952,78024,3,identity
SYN_BA_C7,MatrixRes,GINConv,5,7,0.9971428571428571,0.0014285714285714236,0.9971424106445204,0.0014287946777398197,0.9966666666666667,0.0016666666666666607,0.008048313251856598,165.8,119.7044246673584,89544,3,identity
SYN_BA_C7,MatrixResGated,GCNConv,5,7,0.6857142857142857,0.020454030090394825,0.6789599023546736,0.01904183447944364,0.6333333333333332,0.023863035105460666,0.6728419387340545,43.6,71.07804222106934,39624,3,sparse
SYN_BA_C7,MatrixResGated,GATConv,5,7,0.7278571428571429,0.012037356818823368,0.7221049433828275,0.01159418921172797,0.6825,0.014043582955293963,0.6274884126867567,36.4,76.09402284622192,41160,3,sparse
SYN_BA_C7,MatrixResGated,SAGEConv,5,7,0.7285714285714285,0.027939438879439952,0.7240987949277713,0.03210307455127746,0.6833333333333333,0.03259601202601322,0.5868577648912158,75,82.30793056488037,78024,3,sparse
SYN_BA_C7,MatrixResGated,GINConv,5,7,0.9971428571428571,0.0014285714285714236,0.9971424106445204,0.0014287946777398197,0.9966666666666667,0.0016666666666666607,0.008529015367104356,153.4,126.40020217895508,89544,3,sparse
SYN_BA_C8,Plain,GCNConv,5,8,0.635,0.029540755745241194,0.6225432683620834,0.03277873246087927,0.5828571428571429,0.03376086370884708,0.8149374127388,51.8,40.25863208770752,39689,3,identity
SYN_BA_C8,Plain,GATConv,5,8,0.683125,0.011792476415070759,0.6792028981964514,0.010717636548617217,0.6378571428571429,0.013477115902938012,0.7586068081855774,75.4,64.86723780632019,41225,3,identity
SYN_BA_C8,Plain,SAGEConv,5,8,0.531875,0.03608800008313012,0.5076478895014588,0.04009059305339484,0.46499999999999997,0.04124342866643445,0.9648909974098205,26.4,26.801899576187132,78089,3,identity
SYN_BA_C8,Plain,GINConv,5,8,0.9981249999999999,0.001530931089239508,0.9981247069854665,0.0015311703346042758,0.9978571428571428,0.0017496355305594612,0.010084953154437245,184.8,68.88712458610534,89609,3,identity
SYN_BA_C8,VerticalRes,GCNConv,5,8,0.6375000000000001,0.027314716729265217,0.6237460751459349,0.028588786027889897,0.5857142857142857,0.031216819119160216,0.7942447757720947,50.4,48.938419818878174,39689,3,identity
SYN_BA_C8,VerticalRes,GATConv,5,8,0.6275,0.035155902776063085,0.6052959322020479,0.03546568014772895,0.5742857142857143,0.04017817460121495,0.8432217597961426,36.4,53.173103189468385,41225,3,identity
SYN_BA_C8,VerticalRes,SAGEConv,5,8,0.7025,0.019100883487420128,0.6901115726287599,0.0212602143404397,0.66,0.021829581128480147,0.684727566242218,74,51.54514660835266,78089,3,identity
SYN_BA_C8,VerticalRes,GINConv,5,8,0.994375,0.003644344934278315,0.9943734440360199,0.0036457786555097087,0.9935714285714285,0.004164965639175231,0.01313347350805998,171,82.23664541244507,89609,3,identity
SYN_BA_C8,HorizontalRes,GCNConv,5,8,0.628125,0.023962861890851023,0.6166815012490939,0.027492635236438866,0.575,0.027386127875258317,0.8345139670372009,24.8,41.83571853637695,39689,3,identity
SYN_BA_C8,HorizontalRes,GATConv,5,8,0.6625,0.022534695471649914,0.6572583467474238,0.021598455978274787,0.6142857142857143,0.025753937681885622,0.7710109233856202,30,54.176416873931885,41225,3,identity
SYN_BA_C8,HorizontalRes,SAGEConv,5,8,0.554375,0.04505205322735024,0.5275683312479639,0.059322893046690764,0.4907142857142857,0.051488060831257405,0.9473859429359436,28,38.04599571228027,78089,3,identity
SYN_BA_C8,HorizontalRes,GINConv,5,8,0.996875,0.003952847075210477,0.9968649084631384,0.003974752492286112,0.9964285714285714,0.004517539514526275,0.009704889310523868,154.2,92.52875013351441,89609,3,identity
SYN_BA_C8,MatrixRes,GCNConv,5,8,0.64625,0.015103807466993215,0.6386004866719482,0.017334489722494302,0.5957142857142858,0.017261494247992254,0.7920674562454223,75,101.32014708518982,39689,3,identity
SYN_BA_C8,MatrixRes,GATConv,5,8,0.69375,0.014657549249448213,0.6899236973925142,0.012592386724988996,0.65,0.01675148485651225,0.7325904941558837,48.2,97.72087445259095,41225,3,identity
SYN_BA_C8,MatrixRes,SAGEConv,5,8,0.7125,0.011353688827865608,0.7092503427426102,0.011138063322425755,0.6714285714285715,0.012975644374703532,0.6502371573448181,100.2,110.31204843521118,78089,3,identity
SYN_BA_C8,MatrixRes,GINConv,5,8,0.9974999999999999,0.002338535866733711,0.997499022918391,0.002339841749875921,0.9971428571428571,0.002672612419124246,0.0051553451434301675,164,141.67924523353577,89609,3,identity
SYN_BA_C8,MatrixResGated,GCNConv,5,8,0.645625,0.01901890506837867,0.6336601654454526,0.01964589209444732,0.595,0.021735891506718494,0.8037384390830994,50,86.62256274223327,39689,3,sparse
SYN_BA_C8,MatrixResGated,GATConv,5,8,0.68625,0.010933034802834954,0.6784806621030177,0.012125260935861004,0.6414285714285715,0.012494896917525674,0.7411099123954773,52,102.86584324836731,41225,3,sparse
SYN_BA_C8,MatrixResGated,SAGEConv,5,8,0.703125,0.018006075363609906,0.6938540243076764,0.021265894409028936,0.6607142857142857,0.020578371844125587,0.6673090147972107,93,108.9985170841217,78089,3,sparse
SYN_BA_C8,MatrixResGated,GINConv,5,8,0.999375,0.0012500000000000178,0.9993749023284888,0.0012501953430223533,0.9992857142857142,0.0014285714285714678,0.0024434382498293417,159.2,149.01562552452089,89609,3,sparse
SYN_SBM_C2,Plain,GCNConv,5,2,0.98,0.016955824957813163,0.9799945289293854,0.01695916702867969,0.96,0.03391164991562633,0.05815233422908932,98,21.2097749710083,39299,3,identity
SYN_SBM_C2,Plain,GATConv,5,2,0.955,0.016955824957813156,0.9549506722294743,0.01701719219621471,0.91,0.03391164991562631,0.10990069955587387,116.8,27.78671360015869,40835,3,identity
SYN_SBM_C2,Plain,SAGEConv,5,2,0.985,0.014577379737113249,0.9849953103014748,0.014581267530652591,0.97,0.029154759474226497,0.07609048159793019,113,18.69556589126587,77699,3,identity
SYN_SBM_C2,Plain,GINConv,5,2,0.9775,0.014577379737113249,0.977487875528392,0.014589195256264231,0.9550000000000001,0.029154759474226497,0.13427739031612873,60.6,14.21283025741577,89219,3,identity
SYN_SBM_C2,VerticalRes,GCNConv,5,2,0.9775,0.014577379737113249,0.9774941382433406,0.014580060821830944,0.9550000000000001,0.029154759474226497,0.060074588283896446,97.8,23.824040746688844,39299,3,identity
SYN_SBM_C2,VerticalRes,GATConv,5,2,0.9775,0.018371173070873856,0.9774729839131349,0.018409247665978085,0.9550000000000001,0.03674234614174771,0.07683999519795179,124,35.0944887638092,40835,3,identity
SYN_SBM_C2,VerticalRes,SAGEConv,5,2,0.985,0.014577379737113249,0.9849953103014748,0.014581267530652591,0.97,0.029154759474226497,0.07814255692064762,132,27.12683849334717,77699,3,identity
SYN_SBM_C2,VerticalRes,GINConv,5,2,0.9825,0.012747548783981965,0.98249491961543,0.012750921707607377,0.9650000000000001,0.02549509756796393,0.07592026691418141,72.6,20.650716400146486,89219,3,identity
SYN_SBM_C2,HorizontalRes,GCNConv,5,2,0.98,0.018708286933869722,0.9799718103890119,0.018749331291030097,0.96,0.037416573867739444,0.05819814284332096,77.8,25.230356454849243,39299,3,identity
SYN_SBM_C2,HorizontalRes,GATConv,5,2,0.975,0.017677669529663705,0.9749702476448332,0.017713694677747575,0.95,0.03535533905932741,0.05885073859244585,145.4,41.01907434463501,40835,3,identity
SYN_SBM_C2,HorizontalRes,SAGEConv,5,2,0.975,0.013693063937629184,0.9749929647192177,0.013692352446069266,0.95,0.02738612787525837,0.08716613389551639,111,29.1992826461792,77699,3,identity
SYN_SBM_C2,HorizontalRes,GINConv,5,2,0.9775,0.009354143466934868,0.9774886569004814,0.009370253731461492,0.9550000000000001,0.018708286933869736,0.1237221471965313,74.2,24.769671297073366,89219,3,identity
SYN_SBM_C2,MatrixRes,GCNConv,5,2,0.9775,0.02000000000000001,0.9774894470788266,0.020009870100638042,0.955,0.04000000000000002,0.08204764649271964,92,45.30339598655701,39299,3,identity
SYN_SBM_C2,MatrixRes,GATConv,5,2,0.9625,0.013693063937629145,0.9624675363810417,0.013722356904782058,0.925,0.02738612787525829,0.09713448360562324,111.4,58.41104063987732,40835,3,identity
SYN_SBM_C2,MatrixRes,SAGEConv,5,2,0.9825,0.012747548783981965,0.98249491961543,0.012750921707607377,0.9650000000000001,0.02549509756796393,0.09815453663468361,119.6,50.04962611198425,77699,3,identity
SYN_SBM_C2,MatrixRes,GINConv,5,2,0.9725,0.02150581316760657,0.9724462906936316,0.02158556565855524,0.9450000000000001,0.04301162633521314,0.14751253593713046,43.4,32.45278267860412,89219,3,identity
SYN_SBM_C2,MatrixResGated,GCNConv,5,2,0.9625,0.029580398915498088,0.9624219916859802,0.029697788246616494,0.9249999999999999,0.059160797830996176,0.0976639511063695,83.4,42.8806800365448,39299,3,sparse
SYN_SBM_C2,MatrixResGated,GATConv,5,2,0.9525,0.018371173070873822,0.9524110422909263,0.018466254533455226,0.905,0.036742346141747644,0.1372197151184082,86,50.895441198349,40835,3,sparse
SYN_SBM_C2,MatrixResGated,SAGEConv,5,2,0.9675,0.025739075352467507,0.9674925754991619,0.025742414660592985,0.935,0.05147815070493501,0.1300882574170828,115,49.74797158241272,77699,3,sparse
SYN_SBM_C2,MatrixResGated,GINConv,5,2,0.985,0.014577379737113249,0.9849953103014748,0.014581267530652591,0.97,0.029154759474226497,0.08098863828927279,55.8,35.29126920700073,89219,3,sparse
SYN_SBM_C3,Plain,GCNConv,5,3,0.96,0.01699673171197597,0.9597825793262793,0.01719035919177512,0.94,0.02549509756796396,0.12886932566761972,122.8,23.85964560508728,39364,3,identity
SYN_SBM_C3,Plain,GATConv,5,3,0.9433333333333334,0.006236095644623214,0.9431096271507516,0.00619636258596434,0.9149999999999999,0.00935414346693482,0.17401597797870635,119.8,32.28943133354187,40900,3,identity
SYN_SBM_C3,Plain,SAGEConv,5,3,0.8383333333333333,0.05364492313143695,0.8321543559775816,0.05787657353008064,0.7574999999999998,0.08046738469715543,0.35382984578609467,68.4,16.804086351394652,77764,3,identity
SYN_SBM_C3,Plain,GINConv,5,3,0.8766666666666667,0.028087165910587863,0.8759386343424879,0.029147829370959697,0.8149999999999998,0.04213074886588179,0.3660952091217041,49.6,14.20485029220581,89284,3,identity
SYN_SBM_C3,VerticalRes,GCNConv,5,3,0.9466666666666667,0.01870828693386973,0.9465124099726899,0.01883945773230627,0.9199999999999999,0.028062430400804566,0.1460975155234337,106,27.87736587524414,39364,3,identity
SYN_SBM_C3,VerticalRes,GATConv,5,3,0.93,0.004082482904638616,0.9297247598728919,0.003847106274390246,0.895,0.006123724356957924,0.19451526999473573,128,40.16609139442444,40900,3,identity
SYN_SBM_C3,VerticalRes,SAGEConv,5,3,0.9133333333333333,0.013540064007726605,0.9120256485614794,0.013751234851233286,0.8699999999999999,0.020310096011589986,0.24073889553546907,109,26.149711084365844,77764,3,identity
SYN_SBM_C3,VerticalRes,GINConv,5,3,0.8483333333333334,0.04229525846816508,0.8481104316590943,0.04189001746850875,0.7725,0.06344288770224754,0.3802137434482574,37.4,16.21085329055786,89284,3,identity
SYN_SBM_C3,HorizontalRes,GCNConv,5,3,0.9383333333333334,0.011303883305208779,0.938320710785268,0.011312385781924235,0.9075,0.01695582495781311,0.18215251564979554,90.2,30.078228569030763,39364,3,identity
SYN_SBM_C3,HorizontalRes,GATConv,5,3,0.93,0.015456030825826196,0.9297299674862977,0.015715524954320017,0.8949999999999999,0.023184046238739292,0.1962510645389557,106.8,37.495050239562985,40900,3,identity
SYN_SBM_C3,HorizontalRes,SAGEConv,5,3,0.9,0.013944333775567917,0.8970469253326411,0.015923338262234944,0.8499999999999999,0.020916500663351816,0.27449305951595304,108.8,29.983103656768797,77764,3,identity
SYN_SBM_C3,HorizontalRes,GINConv,5,3,0.865,0.027080128015453217,0.8639427572884971,0.028290417226232413,0.7974999999999999,0.04062019202317979,0.3953017950057983,61.8,23.446197700500488,89284,3,identity
SYN_SBM_C3,MatrixRes,GCNConv,5,3,0.95,0.011785113019775797,0.9499299387355851,0.011853389029341336,0.9249999999999999,0.017677669529663625,0.164205664396286,106,50.75731382369995,39364,3,identity
SYN_SBM_C3,MatrixRes,GATConv,5,3,0.9233333333333333,0.02494438257849294,0.9230824369674919,0.024802091242828624,0.885,0.03741657386773941,0.23924869894981385,103.6,56.93313031196594,40900,3,identity
SYN_SBM_C3,MatrixRes,SAGEConv,5,3,0.9083333333333333,0.024720661623652218,0.9081004064066588,0.024602709179377853,0.8624999999999999,0.03708099243547832,0.2424543708562851,109.8,50.598219585418704,77764,3,identity
SYN_SBM_C3,MatrixRes,GINConv,5,3,0.895,0.02666666666666668,0.8950595739014285,0.026596235938035864,0.8424999999999999,0.04000000000000006,0.31039770543575285,43.8,33.49889326095581,89284,3,identity
SYN_SBM_C3,MatrixResGated,GCNConv,5,3,0.945,0.017159383568311645,0.9447017854692816,0.017281747962679065,0.9175,0.02573907535246741,0.1622961699962616,101.8,50.17064881324768,39364,3,sparse
SYN_SBM_C3,MatrixResGated,GATConv,5,3,0.935,0.01224744871391589,0.9346673393712955,0.012464941022085905,0.9025,0.01837117307087377,0.20319627225399017,92,55.920744037628175,40900,3,sparse
SYN_SBM_C3,MatrixResGated,SAGEConv,5,3,0.9116666666666666,0.019436506316151,0.9108276169811326,0.019449933367268756,0.8674999999999998,0.0291547594742265,0.24130406975746155,95.2,47.32244067192077,77764,3,sparse
SYN_SBM_C3,MatrixResGated,GINConv,5,3,0.895,0.028674417556808735,0.894467872955943,0.028966415561641992,0.8424999999999999,0.04301162633521311,0.350258070230484,53,36.97535953521729,89284,3,sparse
SYN_SBM_C4,Plain,GCNConv,5,4,0.8425,0.019121323175972968,0.8417937897977488,0.019445207558832486,0.79,0.025495097567963983,0.3908805251121521,99.4,30.96105012893677,39429,3,identity
SYN_SBM_C4,Plain,GATConv,5,4,0.83375,0.025186802099512344,0.8318286312875971,0.024713157793627958,0.7783333333333333,0.033582402799349806,0.43580652475357057,124.2,45.20927119255066,40965,3,identity
SYN_SBM_C4,Plain,SAGEConv,5,4,0.78,0.031721443851123805,0.7715396083188201,0.034440752568552155,0.7066666666666667,0.042295258468165085,0.5253494918346405,105.8,30.275349426269532,77829,3,identity
SYN_SBM_C4,Plain,GINConv,5,4,0.69625,0.01837117307087385,0.6918473138441457,0.017397987280632972,0.595,0.024494897427831813,0.6749045014381408,44.8,19.44226818084717,89349,3,identity
SYN_SBM_C4,VerticalRes,GCNConv,5,4,0.845,0.02106537443294089,0.8440915045810738,0.02178136761397871,0.7933333333333333,0.028087165910587852,0.39141885638237,101.8,39.039191246032715,39429,3,identity
SYN_SBM_C4,VerticalRes,GATConv,5,4,0.81125,0.014469796128487797,0.810473648459421,0.01408232147102867,0.7483333333333333,0.019293061504650374,0.45149890780448915,105.2,49.78630104064941,40965,3,identity
SYN_SBM_C4,VerticalRes,SAGEConv,5,4,0.795,0.03147419578003543,0.7909394748745878,0.03208638728700789,0.7266666666666667,0.041965594373380564,0.5099843859672546,121,40.19075713157654,77829,3,identity
SYN_SBM_C4,VerticalRes,GINConv,5,4,0.72375,0.015000000000000022,0.722697745838128,0.01931949270730142,0.6316666666666667,0.020000000000000004,0.6600770115852356,56.6,27.528946447372437,89349,3,identity
SYN_SBM_C4,HorizontalRes,GCNConv,5,4,0.84125,0.021139418156609694,0.8401917295654772,0.020943624863050354,0.7883333333333333,0.028185890875479614,0.41738038659095766,93.4,41.65458087921142,39429,3,identity
SYN_SBM_C4,HorizontalRes,GATConv,5,4,0.80875,0.021866069605669888,0.8058358772574005,0.02316081249595379,0.745,0.029154759474226487,0.4809798777103424,83.6,48.22678518295288,40965,3,identity
SYN_SBM_C4,HorizontalRes,SAGEConv,5,4,0.80375,0.047860474297691635,0.799471970740004,0.04950434552559285,0.7383333333333334,0.06381396573025552,0.4966953992843628,87.2,37.60552201271057,77829,3,identity
SYN_SBM_C4,HorizontalRes,GINConv,5,4,0.72,0.04531142240097963,0.7196072854135134,0.04493249885012826,0.6266666666666667,0.06041522986797286,0.6992448806762696,50.8,29.61081166267395,89349,3,identity
SYN_SBM_C4,MatrixRes,GCNConv,5,4,0.83375,0.026398390102428584,0.8332743197391954,0.02624167962188775,0.7783333333333333,0.03519785346990479,0.4216968536376953,97.4,66.63288240432739,39429,3,identity
SYN_SBM_C4,MatrixRes,GATConv,5,4,0.80875,0.026983791431153637,0.8089365830696355,0.026181639851619337,0.745,0.03597838857487152,0.5085568010807038,105,81.63714342117309,40965,3,identity
SYN_SBM_C4,MatrixRes,SAGEConv,5,4,0.81125,0.01145643923738956,0.8093306072314227,0.010738036033529793,0.7483333333333333,0.015275252316519413,0.5037063777446746,119.2,72.27812252044677,77829,3,identity
SYN_SBM_C4,MatrixRes,GINConv,5,4,0.74625,0.02076655965729518,0.7450659510312292,0.019521220494805418,0.6616666666666666,0.027688746209726917,0.6682756781578064,51,49.45423469543457,89349,3,identity
SYN_SBM_C4,MatrixResGated,GCNConv,5,4,0.82875,0.034820970692960286,0.8268328391522789,0.03536409249873918,0.7716666666666667,0.046427960923947034,0.4277065694332123,91.2,65.96109013557434,39429,3,sparse
SYN_SBM_C4,MatrixResGated,GATConv,5,4,0.8,0.030362394503727776,0.798445508031976,0.030236251922065797,0.7333333333333334,0.040483192671637004,0.49066205620765685,105,83.40920572280884,40965,3,sparse
SYN_SBM_C4,MatrixResGated,SAGEConv,5,4,0.8,0.014252192813739213,0.7969012534683062,0.013736677349806317,0.7333333333333334,0.01900292375165227,0.4885412633419037,107.6,69.56605234146119,77829,3,sparse
SYN_SBM_C4,MatrixResGated,GINConv,5,4,0.71875,0.04889401803901985,0.7148277033272474,0.051604797570234104,0.625,0.06519202405202647,0.6406891942024231,47.6,48.08165884017944,89349,3,sparse
SYN_SBM_C5,Plain,GCNConv,5,5,0.76,0.02428991560298226,0.7568024595254087,0.025040618884953555,0.7,0.030362394503727828,0.5711024522781372,142.6,39.4025604724884,39494,3,identity
SYN_SBM_C5,Plain,GATConv,5,5,0.733,0.02039607805437116,0.7315353286029731,0.019917117031036446,0.6662499999999999,0.025495097567963948,0.6332857608795166,163.4,55.70557899475098,41030,3,identity
SYN_SBM_C5,Plain,SAGEConv,5,5,0.708,0.0188679622641132,0.6993111458542645,0.019421565022251057,0.6349999999999999,0.02358495283014151,0.6994871497154236,105.8,32.48288216590881,77894,3,identity
SYN_SBM_C5,Plain,GINConv,5,5,0.642,0.02379075450674066,0.6388928689524808,0.022054678071579823,0.5525,0.029738443133425805,0.8169434785842895,63.2,25.193116188049316,89414,3,identity
SYN_SBM_C5,VerticalRes,GCNConv,5,5,0.743,0.02767670500619612,0.7374498916471169,0.0293661236223088,0.67875,0.03459588125774512,0.581456434726715,146.8,50.54935097694397,39494,3,identity
SYN_SBM_C5,VerticalRes,GATConv,5,5,0.724,0.013564659966250548,0.7187475243881019,0.012359925799157128,0.655,0.016955824957813177,0.6479962825775146,151.2,62.987641429901124,41030,3,identity
SYN_SBM_C5,VerticalRes,SAGEConv,5,5,0.718,0.026191601707417612,0.7106498408776137,0.026906827267494306,0.6475,0.032739502134271986,0.6893087148666381,149.2,45.45827136039734,77894,3,identity
SYN_SBM_C5,VerticalRes,GINConv,5,5,0.63,0.03016620625799674,0.6246079325850666,0.0292895775444537,0.5375,0.03770775782249591,0.8066236853599549,71,33.934976720809935,89414,3,identity
SYN_SBM_C5,HorizontalRes,GCNConv,5,5,0.757,0.03400000000000003,0.7537961943651769,0.034614397472962,0.69625,0.042500000000000066,0.5968713104724884,152.2,56.88043737411499,39494,3,identity
SYN_SBM_C5,HorizontalRes,GATConv,5,5,0.729,0.015620499351813323,0.7276947681066442,0.01498084479334738,0.66125,0.019525624189766624,0.6786512732505798,124.2,63.54228024482727,41030,3,identity
SYN_SBM_C5,HorizontalRes,SAGEConv,5,5,0.708,0.03854867053479276,0.7002329737154804,0.038600281318315416,0.6349999999999999,0.04818583816849095,0.698582112789154,116.2,47.30309357643127,77894,3,identity
SYN_SBM_C5,HorizontalRes,GINConv,5,5,0.628,0.03613862199918529,0.6212463916529586,0.036415810513145304,0.5349999999999999,0.04517327749898161,0.8551743268966675,61.4,35.806450033187865,89414,3,identity
SYN_SBM_C5,MatrixRes,GCNConv,5,5,0.749,0.024166091947189165,0.746136108644045,0.024765867196326237,0.6862499999999999,0.03020761493398644,0.6023359060287475,124.8,83.6844440460205,39494,3,identity
SYN_SBM_C5,MatrixRes,GATConv,5,5,0.713,0.006782329983125274,0.7114187965923439,0.00858746526037724,0.6412499999999999,0.008477912478906646,0.7214141249656677,98.8,83.27858505249023,41030,3,identity
SYN_SBM_C5,MatrixRes,SAGEConv,5,5,0.709,0.023958297101421864,0.7038995368799311,0.023491932858299307,0.6362499999999999,0.029947871376777308,0.7490453720092773,114,73.7897683620453,77894,3,identity
SYN_SBM_C5,MatrixRes,GINConv,5,5,0.633,0.010770329614269018,0.6276135759783358,0.007367103798758567,0.54125,0.013462912017836275,0.8420952320098877,51,52.16950888633728,89414,3,identity
SYN_SBM_C5,MatrixResGated,GCNConv,5,5,0.739,0.028178005607210767,0.7332044459591839,0.029064813102781223,0.67375,0.03522250700901341,0.6085890889167785,121.4,83.8515866279602,39494,3,sparse
SYN_SBM_C5,MatrixResGated,GATConv,5,5,0.709,0.019849433241279187,0.7060029873811128,0.019957446058994067,0.63625,0.024811791551598978,0.7172587990760804,89.8,82.16583313941956,41030,3,sparse
SYN_SBM_C5,MatrixResGated,SAGEConv,5,5,0.711,0.01067707825203132,0.705322207646008,0.009461144791175083,0.6387499999999999,0.013346347815039156,0.7450286626815796,118.2,77.36252312660217,77894,3,sparse
SYN_SBM_C5,MatrixResGated,GINConv,5,5,0.628,0.015684387141358135,0.6217319793715341,0.01694112539952848,0.5349999999999999,0.019605483926697666,0.8453800320625305,54.2,54.25354208946228,89414,3,sparse
SYN_SBM_C6,Plain,GCNConv,5,6,0.6533333333333333,0.03399346342395191,0.646182080081802,0.03365012502726813,0.5840000000000001,0.040792156108742296,0.828156304359436,108.8,42.91984543800354,39559,3,identity
SYN_SBM_C6,Plain,GATConv,5,6,0.6108333333333333,0.023658449277630646,0.6030408904938402,0.022186533080895646,0.533,0.028390139133156776,0.8859990835189819,84.4,49.05287184715271,41095,3,identity
SYN_SBM_C6,Plain,SAGEConv,5,6,0.5975,0.007728015412913059,0.5857962871936471,0.007732479812864312,0.517,0.00927361849549568,0.9186583757400513,102,38.83968014717102,77959,3,identity
SYN_SBM_C6,Plain,GINConv,5,6,0.5175,0.029744280495957887,0.5110154297978495,0.02883717691743482,0.42100000000000004,0.035693136595149465,1.1097050070762635,72.2,33.898584842681885,89479,3,identity
SYN_SBM_C6,VerticalRes,GCNConv,5,6,0.6333333333333333,0.025138505214997265,0.6211435374894988,0.02630920231554295,0.5599999999999999,0.03016620625799673,0.8377437114715576,91.2,48.51512751579285,39559,3,identity
SYN_SBM_C6,VerticalRes,GATConv,5,6,0.6066666666666667,0.04599214908848873,0.6020480143348249,0.04696139843316368,0.528,0.055190578906186484,0.8922661304473877,94.6,64.4830535888672,41095,3,identity
SYN_SBM_C6,VerticalRes,SAGEConv,5,6,0.6066666666666667,0.024238399287081647,0.595259975139834,0.026267830161519606,0.528,0.029086079144497977,0.9221147775650025,94.4,45.24994764328003,77959,3,identity
SYN_SBM_C6,VerticalRes,GINConv,5,6,0.525,0.018446619684315557,0.5104748222594644,0.02336644786893211,0.43,0.022135943621178662,1.0377030730247498,55,37.31042528152466,89479,3,identity
SYN_SBM_C6,HorizontalRes,GCNConv,5,6,0.6458333333333334,0.025685058345704052,0.6397664757648929,0.024901420255999136,0.5750000000000001,0.03082207001484489,0.8620345830917359,69.4,47.05029444694519,39559,3,identity
SYN_SBM_C6,HorizontalRes,GATConv,5,6,0.6066666666666667,0.03168858890305257,0.6018521612372377,0.032341692279522785,0.528,0.038026306683663066,0.8935821413993835,110.2,75.06487097740174,41095,3,identity
SYN_SBM_C6,HorizontalRes,SAGEConv,5,6,0.5758333333333333,0.019614337159899714,0.5629650177899116,0.022178939588426608,0.491,0.023537204591879666,0.9327776670455933,93.2,53.003364133834836,77959,3,identity
SYN_SBM_C6,HorizontalRes,GINConv,5,6,0.5316666666666666,0.029533408577782257,0.5190189274138383,0.03158004250274043,0.438,0.03544009029333873,1.0736966252326965,50.4,40.2401780128479,89479,3,identity
SYN_SBM_C6,MatrixRes,GCNConv,5,6,0.6283333333333333,0.015898986690282436,0.6204316725826909,0.017472827953830046,0.554,0.019078784028338944,0.8539558053016663,83.8,82.05740694999695,39559,3,identity
SYN_SBM_C6,MatrixRes,GATConv,5,6,0.605,0.03831521310857549,0.6014726885878713,0.04285298514796049,0.526,0.045978255730290594,0.9281623601913452,85,94.73795156478882,41095,3,identity
SYN_SBM_C6,MatrixRes,SAGEConv,5,6,0.5975,0.02976761849915293,0.5888820098324076,0.028510197312628886,0.517,0.03572114219898351,0.9285322189331054,82.2,78.03884840011597,77959,3,identity
SYN_SBM_C6,MatrixRes,GINConv,5,6,0.5666666666666667,0.018446619684315522,0.5621911726559807,0.020832213371848287,0.48000000000000004,0.02213594362117863,1.0354173183441162,47.4,63.321447706222536,89479,3,identity
SYN_SBM_C6,MatrixResGated,GCNConv,5,6,0.6291666666666667,0.022360679774997897,0.6206355299604052,0.0202246749017699,0.555,0.026832815729997492,0.8565012335777282,86.6,84.47354493141174,39559,3,sparse
SYN_SBM_C6,MatrixResGated,GATConv,5,6,0.6025,0.03676124166685463,0.5964407629292353,0.034405231056611356,0.523,0.04411349000022553,0.9283345937728882,90.2,100.84340353012085,41095,3,sparse
SYN_SBM_C6,MatrixResGated,SAGEConv,5,6,0.5758333333333333,0.019965247584518248,0.5591104392543433,0.01984467922176866,0.49100000000000005,0.023958297101421885,0.9640291094779968,78,78.30787625312806,77959,3,sparse
SYN_SBM_C6,MatrixResGated,GINConv,5,6,0.545,0.019965247584518214,0.5357918341929823,0.02219535095698696,0.454,0.02395829710142185,1.0501284837722777,45.8,62.742543363571166,89479,3,sparse
SYN_SBM_C7,Plain,GCNConv,5,7,0.6092857142857142,0.023968516765089307,0.5997633143994051,0.024038924106952606,0.5441666666666667,0.02796326955927086,0.9486011157717024,139.4,52.17684297561645,39624,3,identity
SYN_SBM_C7,Plain,GATConv,5,7,0.5892857142857143,0.026630502689010356,0.5844532200060369,0.022972392287980866,0.5208333333333334,0.03106891980384542,1.0064618267331804,148.8,70.12308073043823,41160,3,identity
SYN_SBM_C7,Plain,SAGEConv,5,7,0.555,0.01897904322226633,0.5405255459236039,0.019007938854935146,0.48083333333333333,0.022142217092644054,1.0633456110954285,95,40.63289890289307,78024,3,identity
SYN_SBM_C7,Plain,GINConv,5,7,0.485,0.03480265061451379,0.46808390456317495,0.03651697458447284,0.39916666666666667,0.04060309238359942,1.1996242489133564,46.2,28.813550853729247,89544,3,identity
SYN_SBM_C7,VerticalRes,GCNConv,5,7,0.6107142857142858,0.02545504240172208,0.6026424605221858,0.027166186411440984,0.5458333333333333,0.029697549468675713,0.9609767075947353,110.4,57.60098180770874,39624,3,identity
SYN_SBM_C7,VerticalRes,GATConv,5,7,0.5778571428571428,0.014178166600913717,0.5683505549542045,0.019200286308115544,0.5075000000000001,0.016541194367732687,1.010927312033517,145.2,81.07949204444886,41160,3,identity
SYN_SBM_C7,VerticalRes,SAGEConv,5,7,0.5814285714285714,0.00994884876941723,0.5690023402941734,0.0102050715173502,0.5116666666666667,0.011606990230986786,1.057850397314344,134.8,59.26319785118103,78024,3,identity
SYN_SBM_C7,VerticalRes,GINConv,5,7,0.505,0.021969366427471,0.49420839062750616,0.02470271000596843,0.4225,0.025630927498716177,1.1695690427507672,79.2,46.89119844436645,89544,3,identity
SYN_SBM_C7,HorizontalRes,GCNConv,5,7,0.59,0.01417816660091371,0.579727660079541,0.010888724410453722,0.5216666666666667,0.016541194367732676,0.9805962787355695,110,64.89204525947571,39624,3,identity
SYN_SBM_C7,HorizontalRes,GATConv,5,7,0.5771428571428572,0.029154759474226487,0.5671591775950691,0.025405529065233967,0.5066666666666666,0.03401388605326424,1.0120918219430106,119,80.20823278427125,41160,3,identity
SYN_SBM_C7,HorizontalRes,SAGEConv,5,7,0.5471428571428572,0.02948538205792897,0.5265916247103491,0.03268092472349164,0.4716666666666667,0.03439961240091714,1.07367153099605,80.8,51.85062689781189,78024,3,identity
SYN_SBM_C7,HorizontalRes,GINConv,5,7,0.46214285714285713,0.018154664324484048,0.44186169016637195,0.01892323918659895,0.3725,0.02118044171189805,1.1911528325080871,46.2,40.6802433013916,89544,3,identity
SYN_SBM_C7,MatrixRes,GCNConv,5,7,0.5978571428571429,0.025614887252915858,0.5902799969528504,0.0258823235250906,0.5308333333333334,0.029884035128401838,0.9942872156415666,103,97.76439881324768,39624,3,identity
SYN_SBM_C7,MatrixRes,GATConv,5,7,0.5635714285714286,0.015219482680473235,0.5560852661079856,0.020457756215988828,0.49083333333333334,0.017756063127218783,1.0476742543492998,77.2,94.42260284423828,41160,3,identity
SYN_SBM_C7,MatrixRes,SAGEConv,5,7,0.5607142857142857,0.022015764296317804,0.5509509135484534,0.024379332703539616,0.4875,0.02568505834570411,1.0857557848521642,102.6,92.52684016227722,78024,3,identity
SYN_SBM_C7,MatrixRes,GINConv,5,7,0.49714285714285716,0.04734803834050443,0.4880455182193403,0.04415353002891678,0.41333333333333333,0.05523937806392183,1.181665246146066,51.2,68.55552296638488,89544,3,identity
SYN_SBM_C7,MatrixResGated,GCNConv,5,7,0.5785714285714286,0.013739560044050959,0.5662928893558132,0.011474311859228231,0.5083333333333333,0.016029486718059465,0.9922196582385472,127.2,111.46925554275512,39624,3,sparse
SYN_SBM_C7,MatrixResGated,GATConv,5,7,0.5564285714285714,0.021116779284420694,0.5452620588049767,0.024317306579365216,0.4825,0.0246362424984908,1.0530923182623726,84.2,102.14966826438904,41160,3,sparse
SYN_SBM_C7,MatrixResGated,SAGEConv,5,7,0.5478571428571428,0.021019912813660238,0.5327682876904414,0.025472634587056,0.47250000000000003,0.02452323161593695,1.095165354183742,96.2,91.82608461380005,78024,3,sparse
SYN_SBM_C7,MatrixResGated,GINConv,5,7,0.4735714285714286,0.03810565333814041,0.46935978964097674,0.03368380967804395,0.3858333333333333,0.0444565955611638,1.2215505695343019,45.4,67.02894401550293,89544,3,sparse
SYN_SBM_C8,Plain,GCNConv,5,8,0.52625,0.015512092057488578,0.5152910638017074,0.020830949675597787,0.45857142857142863,0.017728105208558366,1.1260233640670776,131.6,61.60894622802734,39689,3,identity
SYN_SBM_C8,Plain,GATConv,5,8,0.5,0.035520680595957074,0.4889798324647607,0.03630915230127024,0.42857142857142855,0.04059506353823667,1.1761192226409913,121.2,76.83460221290588,41225,3,identity
SYN_SBM_C8,Plain,SAGEConv,5,8,0.46875,0.015934435979977464,0.4526931433117637,0.021313451699688003,0.39285714285714285,0.018210783977117093,1.239172158241272,97.4,49.48931670188904,78089,3,identity
SYN_SBM_C8,Plain,GINConv,5,8,0.42875,0.04085989782170287,0.4128178348640595,0.047659464014851674,0.34714285714285714,0.04669702608194613,1.31644859790802,52.4,36.01188735961914,89609,3,identity
SYN_SBM_C8,VerticalRes,GCNConv,5,8,0.51875,0.034516753178710176,0.5072763293201293,0.03782103972944154,0.45,0.03944771791852592,1.1394321823120117,126.4,73.92240524291992,39689,3,identity
SYN_SBM_C8,VerticalRes,GATConv,5,8,0.5,0.03827327723098715,0.49190747297785403,0.03704629197889411,0.42857142857142855,0.04374088826398531,1.1776236844062804,132.8,93.78788042068481,41225,3,identity
SYN_SBM_C8,VerticalRes,SAGEConv,5,8,0.48750000000000004,0.02053959590644373,0.47052735361702647,0.02397117372170345,0.4142857142857143,0.023473823893078546,1.234292597770691,117.4,67.21344695091247,78089,3,identity
SYN_SBM_C8,VerticalRes,GINConv,5,8,0.43,0.030656871171076808,0.42063822714530746,0.03247227336232103,0.3485714285714286,0.03503642419551635,1.3253193044662475,67.4,51.592494535446164,89609,3,identity
SYN_SBM_C8,HorizontalRes,GCNConv,5,8,0.520625,0.02827045719474659,0.511051947214691,0.03318778491067657,0.4521428571428572,0.032309093936853245,1.1412895441055297,130.4,81.57183752059936,39689,3,identity
SYN_SBM_C8,HorizontalRes,GATConv,5,8,0.503125,0.023551804601770983,0.4925209376979772,0.02295210042031958,0.43214285714285716,0.026916348116309705,1.1796783924102783,110.8,95.97040920257568,41225,3,identity
SYN_SBM_C8,HorizontalRes,SAGEConv,5,8,0.458125,0.026925824035672525,0.4308374775251065,0.026721201698710537,0.3807142857142857,0.030772370326482893,1.2575750303268434,67.4,55.26447815895081,78089,3,identity
SYN_SBM_C8,HorizontalRes,GINConv,5,8,0.42125,0.03225871975140985,0.41419095581653087,0.031511877874477234,0.3385714285714286,0.03686710828732554,1.365227403640747,47.8,48.61008234024048,89609,3,identity
SYN_SBM_C8,MatrixRes,GCNConv,5,8,0.520625,0.014869221566712906,0.513447682185712,0.013941014933269736,0.4521428571428572,0.01699339607624332,1.1510863733291625,119.2,120.75737624168396,39689,3,identity
SYN_SBM_C8,MatrixRes,GATConv,5,8,0.49,0.029275096071575905,0.48582388575825397,0.028595289217790146,0.41714285714285715,0.03345725265322961,1.218747811317444,95.4,128.70256690979005,41225,3,identity
SYN_SBM_C8,MatrixRes,SAGEConv,5,8,0.458125,0.028545468116673085,0.4428928166198575,0.029617099615823407,0.3807142857142857,0.03262339213334065,1.2624345302581788,77.8,93.2418897151947,78089,3,identity
SYN_SBM_C8,MatrixRes,GINConv,5,8,0.4375,0.03496650182674842,0.4307688194169768,0.035954091068727954,0.35714285714285715,0.03996171637342676,1.3088434362411498,43.4,76.34096212387085,89609,3,identity
SYN_SBM_C8,MatrixResGated,GCNConv,5,8,0.5175,0.03116237715579477,0.503537084803404,0.04081018438105342,0.44857142857142857,0.03561414532090832,1.1586414384841919,114.8,124.46521277427674,39689,3,sparse
SYN_SBM_C8,MatrixResGated,GATConv,5,8,0.4975,0.022395591083961133,0.4884344971683958,0.024679063410795187,0.4257142857142857,0.025594961238812736,1.229126296043396,98,133.75863909721375,41225,3,sparse
SYN_SBM_C8,MatrixResGated,SAGEConv,5,8,0.47125,0.03207656855089084,0.4527962618163694,0.0334146497018206,0.3957142857142857,0.03665893548673237,1.2737844610214233,81,99.2137942314148,78089,3,sparse
SYN_SBM_C8,MatrixResGated,GINConv,5,8,0.423125,0.04899776780629911,0.41483787652519744,0.06252980479344891,0.3407142857142857,0.05599744892148469,1.378213701248169,36.8,70.98850302696228,89609,3,sparse
SYN_WS_C2,Plain,GCNConv,5,2,0.8725,0.05612486080160915,0.8724620887937755,0.05611124323169934,0.745,0.1122497216032183,0.3183314472436905,86.6,19.616407489776613,39299,3,identity
SYN_WS_C2,Plain,GATConv,5,2,0.8775,0.04286607049870562,0.8772545600275133,0.04273125988153232,0.755,0.08573214099741124,0.5150617182254791,65,19.13996877670288,40835,3,identity
SYN_WS_C2,Plain,SAGEConv,5,2,0.7275,0.22268250941643353,0.6858173215852575,0.26606265774577864,0.45499999999999996,0.44536501883286705,0.42654066905379295,119.4,17.823029899597167,77699,3,identity
SYN_WS_C2,Plain,GINConv,5,2,0.8025,0.11973930014828046,0.8012115353099091,0.12147094050794618,0.605,0.23947860029656093,0.5667764186859131,53.6,13.264638423919678,89219,3,identity
SYN_WS_C2,VerticalRes,GCNConv,5,2,0.775,0.1594913790773658,0.7403113867113814,0.21978547517742691,0.55,0.3189827581547316,0.44772560298442843,116.8,24.793543434143068,39299,3,identity
SYN_WS_C2,VerticalRes,GATConv,5,2,0.85,0.0440170421541475,0.8492235441583224,0.04395099177127973,0.7000000000000001,0.088034084308295,0.5587622046470642,54.4,21.545710611343384,40835,3,identity
SYN_WS_C2,VerticalRes,SAGEConv,5,2,0.5775,0.17399712641305318,0.5068562644641144,0.21560618084410313,0.155,0.34799425282610635,0.5931676685810089,83.2,18.001324033737184,77699,3,identity
SYN_WS_C2,VerticalRes,GINConv,5,2,0.8724999999999999,0.03391164991562637,0.872412029639476,0.03393961743700311,0.745,0.06782329983125274,0.40336957573890686,86.6,22.420583391189574,89219,3,identity
SYN_WS_C2,HorizontalRes,GCNConv,5,2,0.8125,0.03791437722025777,0.8115738847273131,0.03820895934848695,0.625,0.07582875444051554,0.48985297083854673,80.2,24.21579775810242,39299,3,identity
SYN_WS_C2,HorizontalRes,GATConv,5,2,0.8325,0.15684387141358122,0.8212034108288947,0.17885480241592897,0.665,0.31368774282716244,0.4957228720188141,59.6,25.624903678894043,40835,3,identity
SYN_WS_C2,HorizontalRes,SAGEConv,5,2,0.6,0.18045082432618587,0.541661974149379,0.21951605769217586,0.19999999999999998,0.36090164865237173,0.5879567503929138,108.6,25.517284965515138,77699,3,identity
SYN_WS_C2,HorizontalRes,GINConv,5,2,0.9325,0.03221024681681284,0.9324189958534423,0.03226452794982429,0.865,0.06442049363362568,0.2929652467370033,81.8,25.32012825012207,89219,3,identity
SYN_WS_C2,MatrixRes,GCNConv,5,2,0.7,0.14832396974191328,0.6878968152454847,0.15726020091771242,0.39999999999999997,0.29664793948382656,0.5257742822170257,91.6,41.132737922668454,39299,3,identity
SYN_WS_C2,MatrixRes,GATConv,5,2,0.815,0.149248115565993,0.813175638191098,0.15254692136758866,0.63,0.298496231131986,0.5278934478759766,99,52.961079835891724,40835,3,identity
SYN_WS_C2,MatrixRes,SAGEConv,5,2,0.805,0.15178109236660542,0.7992416721830075,0.16055535076438462,0.61,0.30356218473321084,0.37484889626502993,199.2,57.42736897468567,77699,3,identity
SYN_WS_C2,MatrixRes,GINConv,5,2,0.7474999999999999,0.1531747368204039,0.7454669540736906,0.1531900799283712,0.495,0.3063494736408078,0.5187111973762513,39,30.85530734062195,89219,3,identity
SYN_WS_C2,MatrixResGated,GCNConv,5,2,0.7875,0.13624426593438713,0.7865968655058644,0.13641134756676895,0.575,0.27248853186877425,0.4494661509990692,120.6,49.314819145202634,39299,3,sparse
SYN_WS_C2,MatrixResGated,GATConv,5,2,0.8825,0.10080922576827976,0.8812564567172841,0.1031189956263866,0.765,0.20161845153655952,0.41886874139308927,135.8,61.47395124435425,40835,3,sparse
SYN_WS_C2,MatrixResGated,SAGEConv,5,2,0.8275,0.12484990989183774,0.8266647985861385,0.12574034341083007,0.655,0.24969981978367548,0.3394906401634216,182.8,57.782548666000366,77699,3,sparse
SYN_WS_C2,MatrixResGated,GINConv,5,2,0.7925,0.14461154863979572,0.7844765455489369,0.1583602408766241,0.585,0.28922309727959145,0.5476504147052765,49.4,32.75987639427185,89219,3,sparse
SYN_WS_C3,Plain,GCNConv,5,3,0.7083333333333334,0.025276251480171825,0.7076545902013702,0.02446944918676142,0.5625,0.03791437722025773,0.6522595167160035,103.8,21.380443572998047,39364,3,identity
SYN_WS_C3,Plain,GATConv,5,3,0.5883333333333334,0.03519785346990479,0.5793126361770072,0.03252571001191246,0.3825,0.05279678020485718,0.8817992806434631,26.6,14.06590371131897,40900,3,identity
SYN_WS_C3,Plain,SAGEConv,5,3,0.54,0.12443204303286728,0.501063551025391,0.1821738422723566,0.31,0.1866480645493009,0.936802351474762,110.4,18.98152551651001,77764,3,identity
SYN_WS_C3,Plain,GINConv,5,3,0.6883333333333334,0.06637435917246624,0.6879699503008152,0.06487025341920938,0.5325,0.09956153875869934,0.9022015571594239,59.2,14.972779798507691,89284,3,identity
SYN_WS_C3,VerticalRes,GCNConv,5,3,0.57,0.11384687571958711,0.5542040481521717,0.14463128349505316,0.355,0.17077031357938066,0.8234715342521668,95,24.246343326568603,39364,3,identity
SYN_WS_C3,VerticalRes,GATConv,5,3,0.6799999999999999,0.02147349787787522,0.6727089392485848,0.022917513142090822,0.52,0.03221024681681281,0.784537672996521,83.8,28.49322052001953,40900,3,identity
SYN_WS_C3,VerticalRes,SAGEConv,5,3,0.44,0.12285944995988077,0.36769301289594913,0.1598881223676491,0.16,0.18428917493982114,1.0081210374832152,41.4,15.027409076690674,77764,3,identity
SYN_WS_C3,VerticalRes,GINConv,5,3,0.64,0.069602043392737,0.6383037747399537,0.07150210928523489,0.46,0.10440306508910548,0.875697135925293,56.4,19.046685886383056,89284,3,identity
SYN_WS_C3,HorizontalRes,GCNConv,5,3,0.61,0.0492724849969816,0.6023831044166759,0.0468734797871057,0.415,0.07390872749547239,0.8004737496376038,51.6,20.82038426399231,39364,3,identity
SYN_WS_C3,HorizontalRes,GATConv,5,3,0.6849999999999999,0.04484541349024567,0.6725204943356261,0.04374876447080084,0.5275,0.06726812023536849,0.8106438279151916,66.4,28.72050642967224,40900,3,identity
SYN_WS_C3,HorizontalRes,SAGEConv,5,3,0.53,0.1665499591380583,0.4571850890048024,0.24091307048056762,0.29500000000000004,0.24982493870708747,0.9188894748687744,112.4,26.746477603912354,77764,3,identity
SYN_WS_C3,HorizontalRes,GINConv,5,3,0.7133333333333334,0.040345728123034046,0.7009427949895748,0.043009188605534564,0.57,0.06051859218455105,0.6607707381248474,58.4,22.656214332580568,89284,3,identity
SYN_WS_C3,MatrixRes,GCNConv,5,3,0.5333333333333333,0.1515659005918621,0.5060112750416067,0.19115127716943464,0.3,0.22734885088779314,0.8579876303672791,88.6,44.505745029449464,39364,3,identity
SYN_WS_C3,MatrixRes,GATConv,5,3,0.5449999999999999,0.18009256878986796,0.5074100641776326,0.223278174831294,0.31749999999999995,0.2701388531848019,0.8875010371208191,68.8,45.0026599407196,40900,3,identity
SYN_WS_C3,MatrixRes,SAGEConv,5,3,0.3616666666666667,0.03965125751123439,0.3496169448370945,0.03322502144918772,0.042500000000000024,0.05947688626685158,1.1051188707351685,76,35.32854061126709,77764,3,identity
SYN_WS_C3,MatrixRes,GINConv,5,3,0.57,0.09451631252505217,0.5493608427705259,0.11454133730729772,0.355,0.14177446878757824,0.9241031408309937,27.8,27.919043636322023,89284,3,identity
SYN_WS_C3,MatrixResGated,GCNConv,5,3,0.6516666666666666,0.14234152981864115,0.638581631229704,0.1621940057529227,0.4775,0.2135122947279617,0.7262952566146851,157.8,58.10461239814758,39364,3,sparse
SYN_WS_C3,MatrixResGated,GATConv,5,3,0.6983333333333334,0.034318767136623296,0.6981251636465121,0.029084641063508127,0.5475,0.051478150704934916,0.7438459515571594,132.4,64.72109293937683,40900,3,sparse
SYN_WS_C3,MatrixResGated,SAGEConv,5,3,0.35666666666666663,0.04129837231121289,0.34566949877739567,0.041023534252070996,0.035,0.061947558466819326,1.1065564155578613,68.6,35.050601196289065,77764,3,sparse
SYN_WS_C3,MatrixResGated,GINConv,5,3,0.6183333333333333,0.04096068575814834,0.6201268406947136,0.04012362866480013,0.4275,0.06144102863722251,0.9187335252761841,53.8,36.03372721672058,89284,3,sparse
SYN_WS_C4,Plain,GCNConv,5,4,0.52125,0.03905124837953326,0.5058771871102257,0.032455184094590826,0.3616666666666667,0.052068331172711015,1.0788190841674805,130.6,32.626324844360354,39429,3,identity
SYN_WS_C4,Plain,GATConv,5,4,0.5175,0.035443617196894546,0.48035635953871314,0.03831790488270267,0.35666666666666663,0.047258156262526066,1.2123860836029052,36.4,22.552590990066527,40965,3,identity
SYN_WS_C4,Plain,SAGEConv,5,4,0.33625,0.10871407452579449,0.24180561387016739,0.17440882377369116,0.11499999999999999,0.144952099367726,1.2969797372817993,74.4,20.234711408615112,77829,3,identity
SYN_WS_C4,Plain,GINConv,5,4,0.52125,0.07474958193863028,0.5076446401169732,0.07960892474869802,0.3616666666666667,0.09966610925150704,1.0260146737098694,60.8,21.769530057907104,89349,3,identity
SYN_WS_C4,VerticalRes,GCNConv,5,4,0.47625,0.04301162633521311,0.46079487594461105,0.04936536836357814,0.30166666666666664,0.057348835113617484,1.1174748539924622,111.2,37.41854548454285,39429,3,identity
SYN_WS_C4,VerticalRes,GATConv,5,4,0.49,0.04834769901453428,0.47692768732011764,0.04732023220113931,0.32,0.0644635986860457,1.205262303352356,61.8,34.50151362419128,40965,3,identity
SYN_WS_C4,VerticalRes,SAGEConv,5,4,0.3525,0.13018016361950083,0.3122097171682028,0.1509088989506896,0.13666666666666666,0.17357355149266776,1.2830332040786743,116,31.11184334754944,77829,3,identity
SYN_WS_C4,VerticalRes,GINConv,5,4,0.5325,0.04496526437151237,0.5222061543571723,0.04735960420450544,0.37666666666666665,0.05995368582868315,1.0532631993293762,82.6,32.753181505203244,89349,3,identity
SYN_WS_C4,HorizontalRes,GCNConv,5,4,0.49625,0.02455860338048564,0.4843818363674015,0.029778349774573408,0.32833333333333337,0.0327448045073142,1.1155840039253235,74.4,34.62093634605408,39429,3,identity
SYN_WS_C4,HorizontalRes,GATConv,5,4,0.55125,0.07086518891529182,0.5349585968217471,0.07767021135431404,0.40166666666666667,0.09448691855372242,1.1613834381103516,57.4,36.98813714981079,40965,3,identity
SYN_WS_C4,HorizontalRes,SAGEConv,5,4,0.32375,0.0673609679265374,0.2600009996263894,0.11279991281879825,0.09833333333333333,0.08981462390204986,1.331765079498291,100.2,34.64463138580322,77829,3,identity
SYN_WS_C4,HorizontalRes,GINConv,5,4,0.59,0.0500936622737847,0.5834803620307387,0.0497906437842193,0.45333333333333337,0.06679154969837961,0.9613141775131225,65.4,33.12955279350281,89349,3,identity
SYN_WS_C4,MatrixRes,GCNConv,5,4,0.49375,0.03557562367689428,0.4935848797866909,0.037517609267601074,0.325,0.04743416490252571,1.174579644203186,173.6,84.52043805122375,39429,3,identity
SYN_WS_C4,MatrixRes,GATConv,5,4,0.4975,0.03783186487605386,0.49600913217548387,0.036451921363522974,0.33,0.05044248650140514,1.191273283958435,102.2,75.94768271446227,40965,3,identity
SYN_WS_C4,MatrixRes,SAGEConv,5,4,0.295,0.0941574479263324,0.2767712706249724,0.09605871355684005,0.060000000000000005,0.12554326390177656,1.3562636375427246,60.8,44.879975128173825,77829,3,identity
SYN_WS_C4,MatrixRes,GINConv,5,4,0.45,0.025920551691659667,0.44211580876318624,0.030843919432811586,0.26666666666666666,0.034560735588879544,1.2167111396789552,40.8,43.79582552909851,89349,3,identity
SYN_WS_C4,MatrixResGated,GCNConv,5,4,0.54625,0.02639839010242861,0.5361346689855128,0.032214749221712115,0.395,0.03519785346990482,1.1034175872802734,161.2,88.12884888648986,39429,3,sparse
SYN_WS_C4,MatrixResGated,GATConv,5,4,0.52625,0.05801400692936147,0.5220027382321432,0.05415041581936014,0.36833333333333335,0.07735200923914862,1.1301526784896851,97.2,75.06808848381043,40965,3,sparse
SYN_WS_C4,MatrixResGated,SAGEConv,5,4,0.31875000000000003,0.1057709790065309,0.3064571332519133,0.10659836191409335,0.09166666666666667,0.14102797200870787,1.325361394882202,84,54.72672281265259,77829,3,sparse
SYN_WS_C4,MatrixResGated,GINConv,5,4,0.4975,0.02698379143115363,0.4877569365695993,0.028909606898848115,0.33,0.0359783885748715,1.1251350879669189,47.2,47.07963151931763,89349,3,sparse
SYN_WS_C5,Plain,GCNConv,5,5,0.434,0.021307275752662502,0.42440358428396885,0.01948339233710953,0.2925,0.026634094690828128,1.226920199394226,115.8,34.06434602737427,39494,3,identity
SYN_WS_C5,Plain,GATConv,5,5,0.41100000000000003,0.01714642819948224,0.37995082087918225,0.01869626068771439,0.26375,0.0214330352493528,1.3659618377685547,31.6,22.9314857006073,41030,3,identity
SYN_WS_C5,Plain,SAGEConv,5,5,0.327,0.10102474944289641,0.2789938774538432,0.14609796940195133,0.15874999999999997,0.1262809368036205,1.4495824813842773,100,26.026177644729614,77894,3,identity
SYN_WS_C5,Plain,GINConv,5,5,0.48,0.03794733192202056,0.4653186924524083,0.03864461509981281,0.35,0.0474341649025257,1.2116877079010009,61,23.745702171325682,89414,3,identity
SYN_WS_C5,VerticalRes,GCNConv,5,5,0.438,0.028565713714171395,0.4289752483012878,0.029601438101279336,0.2975,0.035707142142714234,1.266733980178833,153,49.03109540939331,39494,3,identity
SYN_WS_C5,VerticalRes,GATConv,5,5,0.426,0.02222611077089287,0.40553838444283785,0.030483256488188903,0.2825,0.02778263846361609,1.3610801696777344,52.8,32.97880191802979,41030,3,identity
SYN_WS_C5,VerticalRes,SAGEConv,5,5,0.236,0.07303423854604085,0.1928782703512229,0.09549872995890991,0.044999999999999984,0.09129279818255107,1.5751609563827516,57.2,23.983939266204835,77894,3,identity
SYN_WS_C5,VerticalRes,GINConv,5,5,0.428,0.02638181191654583,0.4117563310219985,0.032783458085566,0.2849999999999999,0.03297726489568228,1.267047119140625,81.2,34.66432671546936,89414,3,identity
SYN_WS_C5,HorizontalRes,GCNConv,5,5,0.424,0.023958297101421878,0.40857217571251353,0.02803359754731735,0.27999999999999997,0.029947871376777343,1.2395573377609252,70.4,36.305215215682985,39494,3,identity
SYN_WS_C5,HorizontalRes,GATConv,5,5,0.451,0.017435595774162687,0.42124222461820077,0.023401707378558723,0.31375,0.021794494717703346,1.3281455278396606,64.8,41.985848379135135,41030,3,identity
SYN_WS_C5,HorizontalRes,SAGEConv,5,5,0.264,0.10071742649611337,0.17664869279956594,0.14785097164892194,0.08,0.12589678312014171,1.5469032526016235,67.6,31.42986159324646,77894,3,identity
SYN_WS_C5,HorizontalRes,GINConv,5,5,0.513,0.025806975801127903,0.49646032825261127,0.027259257891882667,0.39125,0.03225871975140987,1.0977659225463867,76.4,37.79180598258972,89414,3,identity
SYN_WS_C5,MatrixRes,GCNConv,5,5,0.298,0.092660671268883,0.29392879386011794,0.09932515616017744,0.12249999999999997,0.11582583908610374,1.4429357767105102,94.4,61.97072296142578,39494,3,identity
SYN_WS_C5,MatrixRes,GATConv,5,5,0.42,0.02024845673131658,0.41125090198102093,0.018149561053824693,0.27499999999999997,0.02531057091414573,1.2662230253219604,93.8,77.8349392414093,41030,3,identity
SYN_WS_C5,MatrixRes,SAGEConv,5,5,0.285,0.12365273955719702,0.2785561240719895,0.1387859393657073,0.10624999999999998,0.15456592444649628,1.4947978019714356,78.2,54.859769105911255,77894,3,identity
SYN_WS_C5,MatrixRes,GINConv,5,5,0.384,0.019849433241279208,0.37493549353614675,0.024973267433516903,0.22999999999999995,0.024811791551599006,1.3919413566589356,40.8,46.09755220413208,89414,3,identity
SYN_WS_C5,MatrixResGated,GCNConv,5,5,0.362,0.10519505691808907,0.3402345565432802,0.10994388393795487,0.20249999999999999,0.13149382114761132,1.331421136856079,147,83.12999129295349,39494,3,sparse
SYN_WS_C5,MatrixResGated,GATConv,5,5,0.419,0.024372115213907877,0.41443945972179236,0.024822155478099586,0.27375,0.030465144017384843,1.2608009576797485,89.6,77.02405014038087,41030,3,sparse
SYN_WS_C5,MatrixResGated,SAGEConv,5,5,0.237,0.09075241043630741,0.2282699146270496,0.09867600503296303,0.04624999999999998,0.11344051304538426,1.5583617448806764,45.2,47.1445996761322,77894,3,sparse
SYN_WS_C5,MatrixResGated,GINConv,5,5,0.434,0.02222611077089287,0.4234473779888061,0.024314984975357976,0.2924999999999999,0.027782638463616085,1.293410348892212,45.2,48.952020692825315,89414,3,sparse
SYN_WS_C6,Plain,GCNConv,5,6,0.36666666666666664,0.04691896086753083,0.3524166463656487,0.042761352049090956,0.24000000000000002,0.056302753041037,1.4262561798095703,118.6,43.582341527938844,39559,3,identity
SYN_WS_C6,Plain,GATConv,5,6,0.3641666666666667,0.020514222708485293,0.32608543253744754,0.031503739547941736,0.23700000000000002,0.02461706725018234,1.5967337131500243,47.4,34.36707091331482,41095,3,identity
SYN_WS_C6,Plain,SAGEConv,5,6,0.28,0.06176793486735475,0.2375309467352257,0.09751853434622125,0.136,0.0741215218408257,1.6467642307281494,94.8,32.57951555252075,77959,3,identity
SYN_WS_C6,Plain,GINConv,5,6,0.41083333333333333,0.04636809247747852,0.3879549533602759,0.047595833699358846,0.29300000000000004,0.055641710972974226,1.4369838237762451,74.4,33.91503372192383,89479,3,identity
SYN_WS_C6,VerticalRes,GCNConv,5,6,0.36666666666666664,0.0235702260395516,0.35113753691337635,0.028188425971945694,0.24,0.02828427124746192,1.4696202754974366,167.8,61.12431468963623,39559,3,identity
SYN_WS_C6,VerticalRes,GATConv,5,6,0.3566666666666667,0.049972214501883175,0.3300452111708439,0.04430765582411511,0.228,0.0599666574022598,1.6184396505355836,60.4,46.47644214630127,41095,3,identity
SYN_WS_C6,VerticalRes,SAGEConv,5,6,0.20166666666666666,0.10579067381705565,0.14445203790753974,0.1226268974083323,0.04200000000000001,0.12694880858046678,1.6993099927902222,66.8,34.649298667907715,77959,3,identity
SYN_WS_C6,VerticalRes,GINConv,5,6,0.35833333333333334,0.05477225575051661,0.3365891498398134,0.06212415027610712,0.23,0.06572670690061995,1.4819878101348878,78.6,42.925135135650635,89479,3,identity
SYN_WS_C6,HorizontalRes,GCNConv,5,6,0.3358333333333333,0.013591255358583416,0.31649112502153137,0.022403158876263915,0.203,0.016309506430300102,1.499428677558899,95.2,54.73925905227661,39559,3,identity
SYN_WS_C6,HorizontalRes,GATConv,5,6,0.37916666666666665,0.028382310609877347,0.3469364843132271,0.03526004944930728,0.255,0.03405877273185282,1.557176947593689,58.2,49.09575438499451,41095,3,identity
SYN_WS_C6,HorizontalRes,SAGEConv,5,6,0.205,0.0746938194676552,0.11457202958602339,0.10548589815823273,0.04600000000000001,0.08963258336118625,1.7271902561187744,38.6,33.41926198005676,77959,3,identity
SYN_WS_C6,HorizontalRes,GINConv,5,6,0.45,0.030844592538869585,0.43118351673137023,0.03803416815728737,0.33999999999999997,0.037013511046643494,1.3130920648574829,79.4,49.652364826202394,89479,3,identity
SYN_WS_C6,MatrixRes,GCNConv,5,6,0.2791666666666667,0.07336173692357921,0.26569210435757523,0.07516200854822126,0.135,0.08803408430829505,1.6282627582550049,143.8,98.03147373199462,39559,3,identity
SYN_WS_C6,MatrixRes,GATConv,5,6,0.3433333333333333,0.01874536979866998,0.3431702267046299,0.018012106198226074,0.212,0.022494443758403978,1.5288520574569702,128,112.48005857467652,41095,3,identity
SYN_WS_C6,MatrixRes,SAGEConv,5,6,0.2658333333333333,0.1104724701754544,0.2438695387059614,0.12131534144165035,0.11899999999999998,0.13256696421054529,1.6253748893737794,84.8,70.16849775314331,77959,3,identity
SYN_WS_C6,MatrixRes,GINConv,5,6,0.3333333333333333,0.05006939628599934,0.32839078279161343,0.05170276902393178,0.2,0.060083275543199206,1.5118419647216796,43.6,60.44959692955017,89479,3,identity
SYN_WS_C6,MatrixResGated,GCNConv,5,6,0.3625,0.02993047499344662,0.3418717391222691,0.03916808614570308,0.235,0.03591656999213593,1.4346769332885743,199,119.7267891407013,39559,3,sparse
SYN_WS_C6,MatrixResGated,GATConv,5,6,0.3591666666666667,0.02064918615560644,0.3445322509943458,0.013847565375867737,0.231,0.024779023386727737,1.5053835391998291,109.6,106.48467621803283,41095,3,sparse
SYN_WS_C6,MatrixResGated,SAGEConv,5,6,0.275,0.1147158324828017,0.2520959820514804,0.12302412467531108,0.13,0.13765899897936204,1.6380454540252685,67.6,69.17394762039184,77959,3,sparse
SYN_WS_C6,MatrixResGated,GINConv,5,6,0.36833333333333335,0.027080128015453207,0.34208386124143825,0.03615654176882598,0.24200000000000002,0.03249615361854385,1.503845739364624,33,56.07811822891235,89479,3,sparse
SYN_WS_C7,Plain,GCNConv,5,7,0.3264285714285714,0.03489049926234232,0.31135463717229284,0.036093699136941326,0.21416666666666664,0.0407055824727327,1.607045919554574,113,45.21680221557617,39624,3,identity
SYN_WS_C7,Plain,GATConv,5,7,0.305,0.021969366427470993,0.26750478299882086,0.027671246088015133,0.18916666666666668,0.025630927498716153,1.7265186057771955,45.2,35.82975387573242,41160,3,identity
SYN_WS_C7,Plain,SAGEConv,5,7,0.335,0.03775592938972146,0.31524638865534604,0.03459517895777344,0.22416666666666665,0.044048584288008355,1.6555938802446637,130,43.61127882003784,78024,3,identity
SYN_WS_C7,Plain,GINConv,5,7,0.3435714285714286,0.03523970395298288,0.31985741633868087,0.03517631625493642,0.23416666666666666,0.04111298794514668,1.5285324757439749,61,31.328790998458864,89544,3,identity
SYN_WS_C7,VerticalRes,GCNConv,5,7,0.32785714285714285,0.010926470386270247,0.31808433428730126,0.013303473488673912,0.21583333333333332,0.012747548783981958,1.5674271985462733,161.4,65.24696435928345,39624,3,identity
SYN_WS_C7,VerticalRes,GATConv,5,7,0.33499999999999996,0.03985944693801059,0.311231024049768,0.047735198080552876,0.22416666666666665,0.046502688094345684,1.6451171622957503,49,43.58813343048096,41160,3,identity
SYN_WS_C7,VerticalRes,SAGEConv,5,7,0.32285714285714284,0.09011330735948662,0.293971407835293,0.09856241106472537,0.21,0.10513219191940106,1.597902740750994,163.2,54.80420808792114,78024,3,identity
SYN_WS_C7,VerticalRes,GINConv,5,7,0.33714285714285713,0.033396199221602745,0.31689180483001894,0.03046665896005118,0.22666666666666666,0.0389622324252032,1.5273319285256521,91.4,49.15927052497864,89544,3,identity
SYN_WS_C7,HorizontalRes,GCNConv,5,7,0.30785714285714283,0.02599057914094323,0.289617849775524,0.029497390299426128,0.19249999999999998,0.030322342331100427,1.586496319089617,85.8,53.212606239318845,39624,3,identity
SYN_WS_C7,HorizontalRes,GATConv,5,7,0.3414285714285714,0.031991708109369556,0.3153371285994453,0.03628377348898222,0.23166666666666666,0.03732365946093114,1.5836898122514997,76.2,60.67061438560486,41160,3,identity
SYN_WS_C7,HorizontalRes,SAGEConv,5,7,0.2835714285714286,0.07490129559381903,0.2501633954408441,0.07489862185273052,0.16416666666666668,0.08738484485945552,1.6969062089920044,132,63.70686683654785,78024,3,identity
SYN_WS_C7,HorizontalRes,GINConv,5,7,0.37142857142857144,0.03373062558033598,0.3420315395810831,0.037155703451939054,0.26666666666666666,0.03935239651039197,1.4492238657815115,71.4,48.60759377479553,89544,3,identity
SYN_WS_C7,MatrixRes,GCNConv,5,7,0.27214285714285713,0.06621702105615308,0.25760570891206525,0.08882205395728512,0.15083333333333332,0.07725319123217858,1.6656304209572927,128.8,100.8789361000061,39624,3,identity
SYN_WS_C7,MatrixRes,GATConv,5,7,0.32285714285714284,0.022429026383010833,0.311877417775108,0.025345684498418827,0.21,0.02616719744684597,1.6598047726494924,94,100.56432418823242,41160,3,identity
SYN_WS_C7,MatrixRes,SAGEConv,5,7,0.18857142857142856,0.06386369413502031,0.1729973878198111,0.06780361281617028,0.05333333333333333,0.0745076431575237,1.8693356364113944,63,63.17248787879944,78024,3,identity
SYN_WS_C7,MatrixRes,GINConv,5,7,0.3314285714285714,0.01665986255670087,0.32296582517593053,0.021892001509750503,0.22,0.019436506316151014,1.6117338221413748,47.2,64.26299996376038,89544,3,identity
SYN_WS_C7,MatrixResGated,GCNConv,5,7,0.29285714285714287,0.06483888981662982,0.264578008819906,0.09296270715851403,0.175,0.07564537145273478,1.6251724774496896,119,96.15748238563538,39624,3,sparse
SYN_WS_C7,MatrixResGated,GATConv,5,7,0.32571428571428573,0.013248026422136712,0.30547996909617886,0.007358290493468733,0.21333333333333332,0.015456030825826167,1.6170445258276804,73.2,91.37393741607666,41160,3,sparse
SYN_WS_C7,MatrixResGated,SAGEConv,5,7,0.18928571428571428,0.07027642214999338,0.17341390294539208,0.07408457459173966,0.05416666666666667,0.08198915917499228,1.871851363863264,48,64.30091166496277,78024,3,sparse
SYN_WS_C7,MatrixResGated,GINConv,5,7,0.33785714285714286,0.02052872551885702,0.3295491627717072,0.024717571339959225,0.22749999999999998,0.02395017977199986,1.576243645123073,45.6,64.44913773536682,89544,3,sparse
SYN_WS_C8,Plain,GCNConv,5,8,0.279375,0.009601432184835763,0.2575689915844727,0.014946021333842591,0.17642857142857143,0.01097306535409801,1.8129254865646363,127,55.19823150634765,39689,3,identity
SYN_WS_C8,Plain,GATConv,5,8,0.2825,0.0134918957155768,0.24575329156918918,0.031206265944255136,0.18,0.015419309389230624,1.821165862083435,45,41.75778369903564,41225,3,identity
SYN_WS_C8,Plain,SAGEConv,5,8,0.230625,0.05428512687652116,0.18968812151722442,0.08144209732781692,0.1207142857142857,0.06204014500173847,1.8689690828323364,133.6,49.21654124259949,78089,3,identity
SYN_WS_C8,Plain,GINConv,5,8,0.345,0.034776069358108896,0.32197570449211743,0.033614653665275586,0.25142857142857145,0.03974407926641016,1.5794133853912353,83.4,45.92479271888733,89609,3,identity
SYN_WS_C8,VerticalRes,GCNConv,5,8,0.280625,0.022912878474779203,0.26632433719405746,0.02026505835209994,0.17785714285714285,0.026186146828319087,1.7350358533859254,165.2,77.41847138404846,39689,3,identity
SYN_WS_C8,VerticalRes,GATConv,5,8,0.281875,0.02391390808713623,0.23745766128562448,0.022420214834484937,0.17928571428571427,0.02733018067101283,1.8908533954620361,65.2,59.21830530166626,41225,3,identity
SYN_WS_C8,VerticalRes,SAGEConv,5,8,0.166875,0.08697611022573958,0.09235372847836044,0.11113677693693562,0.04785714285714286,0.09940126882941666,1.9829021549224854,50.8,36.503820991516115,78089,3,identity
SYN_WS_C8,VerticalRes,GINConv,5,8,0.306875,0.03333072906493345,0.2862008826449194,0.03914946378295528,0.20785714285714285,0.03809226178849538,1.6343053150177003,87.6,57.421824264526364,89609,3,identity
SYN_WS_C8,HorizontalRes,GCNConv,5,8,0.273125,0.028613807855648987,0.24936914771584845,0.026699973587782453,0.1692857142857143,0.03270149469217026,1.73800705909729,96.2,68.28630390167237,39689,3,identity
SYN_WS_C8,HorizontalRes,GATConv,5,8,0.294375,0.04114570147658198,0.2525675898279622,0.04233363206789465,0.1935714285714286,0.047023658830379414,1.8702455759048462,68.2,68.77172508239747,41225,3,identity
SYN_WS_C8,HorizontalRes,SAGEConv,5,8,0.19375,0.08689523145719794,0.12061339602489565,0.11253628338741642,0.07857142857142857,0.09930883595108335,1.9723174476623535,76.4,52.129018020629886,78089,3,identity
SYN_WS_C8,HorizontalRes,GINConv,5,8,0.33687500000000004,0.01716191277218248,0.30182754127686834,0.022453686886021628,0.24214285714285716,0.019613614596779978,1.5819617366790772,76.2,60.39810400009155,89609,3,identity
SYN_WS_C8,MatrixRes,GCNConv,5,8,0.19625,0.06674344537106247,0.179525233007631,0.07115160622707875,0.08142857142857143,0.07627822328121425,1.935441393852234,101.6,99.25164766311646,39689,3,identity
SYN_WS_C8,MatrixRes,GATConv,5,8,0.275625,0.04870991942099679,0.26017272257277446,0.04210347335872778,0.17214285714285715,0.05566847933828205,1.8365992641448974,158.6,158.3259160041809,41225,3,identity
SYN_WS_C8,MatrixRes,SAGEConv,5,8,0.175625,0.05914098621091806,0.15913949464213417,0.05835919998217712,0.057857142857142864,0.0675896985267635,1.97517840385437,79,85.88913521766662,78089,3,identity
SYN_WS_C8,MatrixRes,GINConv,5,8,0.2975,0.054536398395933695,0.2816741318284253,0.0554524700328932,0.19714285714285715,0.06232731245249565,1.752756609916687,45.8,75.22337741851807,89609,3,identity
SYN_WS_C8,MatrixResGated,GCNConv,5,8,0.244375,0.05793989342413394,0.2271655581958259,0.05890730896980258,0.13642857142857143,0.06621702105615308,1.8026586771011353,179.8,130.57659764289855,39689,3,sparse
SYN_WS_C8,MatrixResGated,GATConv,5,8,0.2875,0.011353688827865596,0.26381619447300036,0.013203379850556652,0.18571428571428572,0.012975644374703532,1.7857850980758667,84.8,117.31854362487793,41225,3,sparse
SYN_WS_C8,MatrixResGated,SAGEConv,5,8,0.18812500000000001,0.039794393449329016,0.16637045585864763,0.04059347339893024,0.07214285714285715,0.045479306799233156,1.9760589027404785,125.2,104.72596297264099,78089,3,sparse
SYN_WS_C8,MatrixResGated,GINConv,5,8,0.288125,0.014710752869924779,0.27685273431821933,0.01382896580708073,0.18642857142857142,0.016812288994199738,1.6968468236923218,45.2,75.4375614643097,89609,3,sparse
SYN_REGULAR_C2,Plain,GCNConv,5,2,1.0,0.0,1.0,0.0,1.0,0.0,1.257643843288747e-07,26.6,12.060408306121825,39299,3,identity
SYN_REGULAR_C2,Plain,GATConv,5,2,1.0,0.0,1.0,0.0,1.0,0.0,0.0009936593025877904,28.6,15.161502885818482,40835,3,identity
SYN_REGULAR_C2,Plain,SAGEConv,5,2,1.0,0.0,1.0,0.0,1.0,0.0,3.3359383678543963e-06,30.6,9.685594320297241,77699,3,identity
SYN_REGULAR_C2,Plain,GINConv,5,2,0.9975,0.004999999999999982,0.9974996093139553,0.005000781372089413,0.995,0.009999999999999964,2.481066101190497,16.4,8.658034896850586,89219,3,identity
SYN_REGULAR_C2,VerticalRes,GCNConv,5,2,1.0,0.0,1.0,0.0,1.0,0.0,2.211289332620936e-06,35.4,14.972812700271607,39299,3,identity
SYN_REGULAR_C2,VerticalRes,GATConv,5,2,1.0,0.0,1.0,0.0,1.0,0.0,0.0001562388589074537,26.4,17.323708057403564,40835,3,identity
SYN_REGULAR_C2,VerticalRes,SAGEConv,5,2,1.0,0.0,1.0,0.0,1.0,0.0,1.4572085635045085e-06,20.4,11.371766901016235,77699,3,identity
SYN_REGULAR_C2,VerticalRes,GINConv,5,2,1.0,0.0,1.0,0.0,1.0,0.0,5.960464122267694e-10,12,10.507696056365967,89219,3,identity
SYN_REGULAR_C2,HorizontalRes,GCNConv,5,2,1.0,0.0,1.0,0.0,1.0,0.0,1.7881391478624664e-09,13.6,12.410887050628663,39299,3,identity
SYN_REGULAR_C2,HorizontalRes,GATConv,5,2,0.9975,0.004999999999999982,0.9974996093139553,0.005000781372089413,0.995,0.009999999999999964,0.008662097400446989,21,18.102138996124268,40835,3,identity
SYN_REGULAR_C2,HorizontalRes,SAGEConv,5,2,1.0,0.0,1.0,0.0,1.0,0.0,1.590642386872787e-06,20.6,13.199591064453125,77699,3,identity
SYN_REGULAR_C2,HorizontalRes,GINConv,5,2,1.0,0.0,1.0,0.0,1.0,0.0,0.0,14.4,12.789150285720826,89219,3,identity
SYN_REGULAR_C2,MatrixRes,GCNConv,5,2,1.0,0.0,1.0,0.0,1.0,0.0,6.915211451996584e-06,133.4,51.56861352920532,39299,3,identity
SYN_REGULAR_C2,MatrixRes,GATConv,5,2,1.0,0.0,1.0,0.0,1.0,0.0,3.419771383050829e-06,144.6,63.6392158985138,40835,3,identity
SYN_REGULAR_C2,MatrixRes,SAGEConv,5,2,1.0,0.0,1.0,0.0,1.0,0.0,1.1200802418898093e-06,119,48.62047581672668,77699,3,identity
SYN_REGULAR_C2,MatrixRes,GINConv,5,2,1.0,0.0,1.0,0.0,1.0,0.0,1.4901160305669237e-09,9.4,22.738420152664183,89219,3,identity
SYN_REGULAR_C2,MatrixResGated,GCNConv,5,2,1.0,0.0,1.0,0.0,1.0,0.0,1.2580315160448664e-05,68.4,40.38712000846863,39299,3,sparse
SYN_REGULAR_C2,MatrixResGated,GATConv,5,2,1.0,0.0,1.0,0.0,1.0,0.0,3.775635866531957e-06,47.8,39.83803687095642,40835,3,sparse
SYN_REGULAR_C2,MatrixResGated,SAGEConv,5,2,1.0,0.0,1.0,0.0,1.0,0.0,8.71134794522277e-06,142.2,56.41397132873535,77699,3,sparse
SYN_REGULAR_C2,MatrixResGated,GINConv,5,2,1.0,0.0,1.0,0.0,1.0,0.0,1.7881392366803084e-09,14,24.81252784729004,89219,3,sparse
SYN_REGULAR_C3,Plain,GCNConv,5,3,0.9133333333333333,0.018708286933869687,0.9131216432723644,0.018860724547920517,0.8699999999999999,0.028062430400804604,0.21184367537498475,26.8,13.327918767929077,39364,3,identity
SYN_REGULAR_C3,Plain,GATConv,5,3,0.92,0.015456030825826169,0.9198108535616869,0.015552881263520538,0.8799999999999999,0.023184046238739327,0.23176482915878296,29.6,17.463255977630617,40900,3,identity
SYN_REGULAR_C3,Plain,SAGEConv,5,3,0.8783333333333333,0.02614064523559687,0.8752755583890605,0.027680577995633608,0.8174999999999999,0.03921096785339531,0.2716082364320755,14.2,9.263692569732665,77764,3,identity
SYN_REGULAR_C3,Plain,GINConv,5,3,0.9983333333333333,0.0033333333333333214,0.9983330728759702,0.003333854248059609,0.9975,0.004999999999999982,0.004290885055343097,81.4,19.901367378234863,89284,3,identity
SYN_REGULAR_C3,VerticalRes,GCNConv,5,3,0.915,0.021343747458109498,0.9147826911492853,0.021546619331405323,0.8724999999999999,0.03201562118716427,0.20955438911914825,24,14.819039297103881,39364,3,identity
SYN_REGULAR_C3,VerticalRes,GATConv,5,3,0.92,0.022730302828309762,0.9199238446726115,0.022728654632902353,0.88,0.034095454242464664,0.24154931902885438,41.2,24.090330028533934,40900,3,identity
SYN_REGULAR_C3,VerticalRes,SAGEConv,5,3,0.9266666666666666,0.028577380332470398,0.9265220403720663,0.028683296750140044,0.8899999999999999,0.04286607049870561,0.20729302614927292,71,22.276382398605346,77764,3,identity
SYN_REGULAR_C3,VerticalRes,GINConv,5,3,1.0,0.0,1.0,0.0,1.0,0.0,1.5318339201542132e-07,49.4,18.959633016586302,89284,3,identity
SYN_REGULAR_C3,HorizontalRes,GCNConv,5,3,0.9083333333333333,0.011785113019775782,0.9081195972924483,0.01197538757694549,0.8624999999999999,0.01767766952966372,0.2130907118320465,24.2,17.678551387786865,39364,3,identity
SYN_REGULAR_C3,HorizontalRes,GATConv,5,3,0.92,0.032317865716108854,0.9197374633068239,0.03257655002194113,0.88,0.04847679857416327,0.22993371188640593,34.8,24.42002329826355,40900,3,identity
SYN_REGULAR_C3,HorizontalRes,SAGEConv,5,3,0.8866666666666667,0.02614064523559689,0.8857641999045623,0.026555237849083875,0.83,0.039210967853395354,0.24210215508937835,35.8,18.968067932128907,77764,3,identity
SYN_REGULAR_C3,HorizontalRes,GINConv,5,3,0.9966666666666667,0.006666666666666687,0.9966645820304357,0.006670835939128627,0.995,0.010000000000000097,0.033946255260713085,57.8,23.93719701766968,89284,3,identity
SYN_REGULAR_C3,MatrixRes,GCNConv,5,3,0.9083333333333333,0.01748014746950253,0.9080729003930695,0.01754816294961479,0.8624999999999999,0.026220221204253758,0.22353805601596832,26.2,29.812690019607544,39364,3,identity
SYN_REGULAR_C3,MatrixRes,GATConv,5,3,0.935,0.027588242262078077,0.9349371083850107,0.027596818579075248,0.9024999999999999,0.04138236339311711,0.23975474387407303,31.8,36.83696184158325,40900,3,identity
SYN_REGULAR_C3,MatrixRes,SAGEConv,5,3,0.9133333333333333,0.02013840995599092,0.9130064666486372,0.0202756324837284,0.8699999999999999,0.030207614933986444,0.23565667867660522,60.2,37.42051882743836,77764,3,identity
SYN_REGULAR_C3,MatrixRes,GINConv,5,3,1.0,0.0,1.0,0.0,1.0,0.0,5.096091406642245e-07,73,42.3310845375061,89284,3,identity
SYN_REGULAR_C3,MatrixResGated,GCNConv,5,3,0.9083333333333333,0.018257418583505554,0.9079288366057646,0.018486425039774726,0.8624999999999999,0.02738612787525833,0.22829239964485168,25,30.17361173629761,39364,3,sparse
SYN_REGULAR_C3,MatrixResGated,GATConv,5,3,0.9316666666666666,0.02068278940998473,0.9314460604857475,0.02078962628867945,0.8975,0.03102418411497716,0.2359732747077942,30.8,37.80986571311951,40900,3,sparse
SYN_REGULAR_C3,MatrixResGated,SAGEConv,5,3,0.9133333333333333,0.022730302828309755,0.9128177778909639,0.02287953789666516,0.8699999999999999,0.034095454242464664,0.24779025614261627,70,41.028309392929074,77764,3,sparse
SYN_REGULAR_C3,MatrixResGated,GINConv,5,3,1.0,0.0,1.0,0.0,1.0,0.0,2.3742479413613182e-07,65.2,40.95674147605896,89284,3,sparse
SYN_REGULAR_C4,Plain,GCNConv,5,4,0.8525,0.02000000000000001,0.8504401623820149,0.020899272039059218,0.8033333333333333,0.026666666666666703,0.31806463599205015,37.8,19.537208461761473,39429,3,identity
SYN_REGULAR_C4,Plain,GATConv,5,4,0.855,0.02069118169655857,0.8529036803520347,0.022030867262406478,0.8066666666666666,0.027588242262078108,0.37888109087944033,20.6,21.322735452651976,40965,3,identity
SYN_REGULAR_C4,Plain,SAGEConv,5,4,0.795,0.022844583603121364,0.7758084988788715,0.027855448835664674,0.7266666666666667,0.030459444804161812,0.39785743355751035,29.8,16.787730407714843,77829,3,identity
SYN_REGULAR_C4,Plain,GINConv,5,4,0.9975,0.003061862178478962,0.9974996093139553,0.0030623406692085516,0.9966666666666667,0.004082482904638616,0.004345322335575474,110.2,32.28935432434082,89349,3,identity
SYN_REGULAR_C4,VerticalRes,GCNConv,5,4,0.85125,0.020310096011589895,0.8484867238716183,0.02133070975416817,0.8016666666666666,0.027080128015453207,0.3185311734676361,49.4,27.210602474212646,39429,3,identity
SYN_REGULAR_C4,VerticalRes,GATConv,5,4,0.85,0.022360679774997894,0.8487176498618084,0.024024512198050362,0.8,0.029814239699997195,0.3222615301609039,29.6,28.300893545150757,40965,3,identity
SYN_REGULAR_C4,VerticalRes,SAGEConv,5,4,0.8625,0.0246855220726644,0.8616447600627047,0.024973339988234082,0.8166666666666667,0.032914029430219205,0.2878507852554321,56.8,26.203610467910767,77829,3,identity
SYN_REGULAR_C4,VerticalRes,GINConv,5,4,1.0,0.0,1.0,0.0,1.0,0.0,6.148195765831588e-07,145.8,45.20733232498169,89349,3,identity
SYN_REGULAR_C4,HorizontalRes,GCNConv,5,4,0.84125,0.020386883037875135,0.8383922778407621,0.020031051614392704,0.7883333333333333,0.027182510717166868,0.3357825994491577,32,25.898275089263915,39429,3,identity
SYN_REGULAR_C4,HorizontalRes,GATConv,5,4,0.87125,0.028118054698004963,0.8714206569539067,0.02773873960867012,0.8283333333333334,0.037490739597339964,0.30909995436668397,29,30.80864372253418,40965,3,identity
SYN_REGULAR_C4,HorizontalRes,SAGEConv,5,4,0.85,0.027950849718747377,0.8431661979766716,0.036208171938897915,0.7999999999999999,0.0372677996249965,0.308774071931839,45.6,27.557518434524535,77829,3,identity
SYN_REGULAR_C4,HorizontalRes,GINConv,5,4,0.99,0.005000000000000021,0.9899941331072184,0.005008804796212645,0.9866666666666667,0.006666666666666682,0.06151229571551085,68.8,32.790610790252686,89349,3,identity
SYN_REGULAR_C4,MatrixRes,GCNConv,5,4,0.8562500000000001,0.020916500663351868,0.854935555070079,0.021868586862321585,0.8083333333333333,0.027888667551135858,0.30015693306922914,47.2,49.48775887489319,39429,3,identity
SYN_REGULAR_C4,MatrixRes,GATConv,5,4,0.86875,0.014252192813739213,0.8694603149475655,0.014206834667865561,0.8250000000000001,0.01900292375165231,0.29167182445526124,25.8,48.11897768974304,40965,3,identity
SYN_REGULAR_C4,MatrixRes,SAGEConv,5,4,0.8825000000000001,0.02633913438213184,0.8817391687785693,0.027053960881484273,0.8433333333333334,0.035118845842842465,0.27207981050014496,68.6,54.32940826416016,77829,3,identity
SYN_REGULAR_C4,MatrixRes,GINConv,5,4,1.0,0.0,1.0,0.0,1.0,0.0,1.0013572921963032e-07,120.2,75.5036286354065,89349,3,identity
SYN_REGULAR_C4,MatrixResGated,GCNConv,5,4,0.85875,0.010897247358851688,0.8568919305150037,0.01342484809052624,0.8116666666666668,0.014529663145135614,0.30948269963264463,47.4,50.6342990398407,39429,3,sparse
SYN_REGULAR_C4,MatrixResGated,GATConv,5,4,0.86125,0.0072886898685566495,0.8605502696767796,0.008535589166071007,0.8150000000000001,0.009718253158075564,0.31716310381889345,35.2,53.79327707290649,40965,3,sparse
SYN_REGULAR_C4,MatrixResGated,SAGEConv,5,4,0.87375,0.01741048534648015,0.872170745276022,0.018379837558829774,0.8316666666666667,0.023213980461973534,0.2863132059574127,66.8,54.86486701965332,77829,3,sparse
SYN_REGULAR_C4,MatrixResGated,GINConv,5,4,1.0,0.0,1.0,0.0,1.0,0.0,1.5467352199038942e-07,68.6,57.642039155960084,89349,3,sparse
SYN_REGULAR_C5,Plain,GCNConv,5,5,0.727,0.024819347291981736,0.7210085352662388,0.027393558444749347,0.65875,0.03102418411497719,0.5893265724182128,24.4,18.749372291564942,39494,3,identity
SYN_REGULAR_C5,Plain,GATConv,5,5,0.726,0.023537204591879617,0.7174688505018645,0.02888678568981687,0.6575,0.029421505739849536,0.5808890461921692,29,26.73227791786194,41030,3,identity
SYN_REGULAR_C5,Plain,SAGEConv,5,5,0.607,0.04822862220714997,0.5667592577013817,0.055838199280309996,0.50875,0.060285777758937474,0.7771627306938171,12.2,14.302615976333618,77894,3,identity
SYN_REGULAR_C5,Plain,GINConv,5,5,0.983,0.01029563014098701,0.9829895142322413,0.01029800952993764,0.9787499999999999,0.012869537676233793,0.05691930539906025,92,32.6825897693634,89414,3,identity
SYN_REGULAR_C5,VerticalRes,GCNConv,5,5,0.729,0.020832666655999678,0.7225808425079258,0.02049547891346181,0.6612499999999999,0.026040833319999616,0.598422360420227,29.4,24.733215808868408,39494,3,identity
SYN_REGULAR_C5,VerticalRes,GATConv,5,5,0.746,0.018814887722226795,0.7445532281139854,0.01895048495629914,0.6825,0.023518609652783545,0.5921779274940491,29.4,31.08634157180786,41030,3,identity
SYN_REGULAR_C5,VerticalRes,SAGEConv,5,5,0.781,0.017720045146669323,0.7746085885326179,0.021743470011503944,0.72625,0.022150056433336677,0.470674067735672,52.4,28.2533296585083,77894,3,identity
SYN_REGULAR_C5,VerticalRes,GINConv,5,5,1.0,0.0,1.0,0.0,1.0,0.0,0.00021890938805881887,107,43.83916349411011,89414,3,identity
SYN_REGULAR_C5,HorizontalRes,GCNConv,5,5,0.731,0.02870540018881463,0.7239319271503815,0.030987241146546916,0.66375,0.035881750236018264,0.6065284132957458,23.2,25.267514038085938,39494,3,identity
SYN_REGULAR_C5,HorizontalRes,GATConv,5,5,0.754,0.020832666655999678,0.7510916125800229,0.020152270789934378,0.6925,0.026040833319999554,0.5074834585189819,31,35.04012832641602,41030,3,identity
SYN_REGULAR_C5,HorizontalRes,SAGEConv,5,5,0.728,0.03295451410656815,0.7129463295776914,0.032697979133659766,0.66,0.041193142633210195,0.5776142477989197,36.8,27.397095680236816,77894,3,identity
SYN_REGULAR_C5,HorizontalRes,GINConv,5,5,0.986,0.0073484692283495405,0.9860035876366019,0.007361375719730421,0.9824999999999999,0.009185586535436942,0.04259419217705727,95.6,46.18419852256775,89414,3,identity
SYN_REGULAR_C5,MatrixRes,GCNConv,5,5,0.718,0.021587033144922888,0.7131239765220964,0.020133143718063767,0.6475,0.02698379143115361,0.5924128770828248,27.4,44.37813954353332,39494,3,identity
SYN_REGULAR_C5,MatrixRes,GATConv,5,5,0.76,0.030822070014844865,0.7567696431713029,0.03198023362092902,0.7,0.03852758751855605,0.5392196178436279,31.4,54.44685935974121,41030,3,identity
SYN_REGULAR_C5,MatrixRes,SAGEConv,5,5,0.8140000000000001,0.01240967364599082,0.8109359532007038,0.017173723443105093,0.7675,0.015512092057488555,0.4311013460159302,81.8,63.568959617614745,77894,3,identity
SYN_REGULAR_C5,MatrixRes,GINConv,5,5,1.0,0.0,1.0,0.0,1.0,0.0,6.195239194539682e-07,136,83.03244638442993,89414,3,identity
SYN_REGULAR_C5,MatrixResGated,GCNConv,5,5,0.717,0.021587033144922923,0.7044072323455989,0.019101218947939463,0.6462499999999999,0.026983791431153654,0.5979305505752563,26.4,44.35564422607422,39494,3,sparse
SYN_REGULAR_C5,MatrixResGated,GATConv,5,5,0.761,0.022891046284519215,0.7567231222770334,0.02342419936390573,0.70125,0.028613807855649032,0.5239592671394349,26.2,53.617440128326415,41030,3,sparse
SYN_REGULAR_C5,MatrixResGated,SAGEConv,5,5,0.8109999999999999,0.022226110770892846,0.8068859853638011,0.02420551826078353,0.76375,0.027782638463616064,0.417762690782547,88.4,68.45176672935486,77894,3,sparse
SYN_REGULAR_C5,MatrixResGated,GINConv,5,5,1.0,0.0,1.0,0.0,1.0,0.0,5.19392206399516e-07,179,94.83137531280518,89414,3,sparse
SYN_REGULAR_C6,Plain,GCNConv,5,6,0.695,0.03274480450731418,0.6859060369921215,0.03416829980227288,0.634,0.03929376540877702,0.6518739104270935,47.6,30.298196601867676,39559,3,identity
SYN_REGULAR_C6,Plain,GATConv,5,6,0.6825,0.0222673153598123,0.6637400976728832,0.03594846572954814,0.619,0.026720778431774755,0.6958611488342286,17,28.76229557991028,41095,3,identity
SYN_REGULAR_C6,Plain,SAGEConv,5,6,0.6441666666666667,0.026692695630078266,0.6146935077942762,0.03334188034783086,0.5730000000000001,0.03203123475609393,0.7158877372741699,26.6,21.519079732894898,77959,3,identity
SYN_REGULAR_C6,Plain,GINConv,5,6,0.9683333333333334,0.012247448713915915,0.968031124539335,0.012624881459756425,0.962,0.014696938456699105,0.08684575632214546,93.6,42.16804943084717,89479,3,identity
SYN_REGULAR_C6,VerticalRes,GCNConv,5,6,0.6858333333333333,0.04053462169005104,0.6790365942011827,0.04549018829301437,0.623,0.048641546028061255,0.6464842557907104,38,33.25771141052246,39559,3,identity
SYN_REGULAR_C6,VerticalRes,GATConv,5,6,0.6858333333333333,0.030573227213073578,0.6719151457142628,0.042773082710504874,0.623,0.036687872655688285,0.6816053628921509,24.2,36.09010472297668,41095,3,identity
SYN_REGULAR_C6,VerticalRes,SAGEConv,5,6,0.7683333333333333,0.024523231615936936,0.7581319277165383,0.024914112443067096,0.722,0.02942787793912431,0.45147045254707335,122,53.442246437072754,77959,3,identity
SYN_REGULAR_C6,VerticalRes,GINConv,5,6,0.9966666666666667,0.004859126579037733,0.9966630158621753,0.00486579086865163,0.996,0.005830951894845264,0.008929712790995836,128.2,59.36767911911011,89479,3,identity
SYN_REGULAR_C6,HorizontalRes,GCNConv,5,6,0.6725,0.037137133258595335,0.6586786117822425,0.046196679956364464,0.6070000000000001,0.044564559910314404,0.68832448720932,26.2,32.56803741455078,39559,3,identity
SYN_REGULAR_C6,HorizontalRes,GATConv,5,6,0.7158333333333333,0.025603819159562044,0.7081569311439609,0.027095930148191526,0.659,0.03072458299147446,0.5963171601295472,37.2,46.153211402893064,41095,3,identity
SYN_REGULAR_C6,HorizontalRes,SAGEConv,5,6,0.7066666666666667,0.05267826876426368,0.6866587815236593,0.05714371299394391,0.648,0.06321392251711641,0.5770501315593719,48.4,38.11298470497131,77959,3,identity
SYN_REGULAR_C6,HorizontalRes,GINConv,5,6,0.9441666666666667,0.018745369798669993,0.9431139077984644,0.019813343680262784,0.9329999999999999,0.022494443758403995,0.16027497351169587,86.8,55.288366365432736,89479,3,identity
SYN_REGULAR_C6,MatrixRes,GCNConv,5,6,0.6825,0.024776781245530823,0.6826713362829762,0.027245662026922503,0.619,0.029732137494636993,0.6492329359054565,44.4,64.97066931724548,39559,3,identity
SYN_REGULAR_C6,MatrixRes,GATConv,5,6,0.7258333333333333,0.029273613450417166,0.7230282399983947,0.029225217040970006,0.671,0.035128336140500586,0.5870798707008362,37.2,70.89705266952515,41095,3,identity
SYN_REGULAR_C6,MatrixRes,SAGEConv,5,6,0.8116666666666666,0.015229722402080875,0.8103055402554206,0.015930262284700583,0.774,0.018275666882497044,0.42056532502174376,125.4,101.57731771469116,77959,3,identity
SYN_REGULAR_C6,MatrixRes,GINConv,5,6,1.0,0.0,1.0,0.0,1.0,0.0,0.0007308298323550844,128,104.77022466659545,89479,3,identity
SYN_REGULAR_C6,MatrixResGated,GCNConv,5,6,0.6925,0.025193694096384944,0.6920439295058611,0.02641292888512775,0.631,0.030232432915661946,0.6541277647018433,39,62.17461996078491,39559,3,sparse
SYN_REGULAR_C6,MatrixResGated,GATConv,5,6,0.7241666666666666,0.018333333333333333,0.7214915325392289,0.0175870513259683,0.669,0.02199999999999997,0.5828050017356873,38.8,73.86994261741638,41095,3,sparse
SYN_REGULAR_C6,MatrixResGated,SAGEConv,5,6,0.8033333333333333,0.013017082793177764,0.8010416974201702,0.015072092023346579,0.7639999999999999,0.015620499351813318,0.439481645822525,98.8,90.28223276138306,77959,3,sparse
SYN_REGULAR_C6,MatrixResGated,GINConv,5,6,0.9983333333333333,0.002041241452319308,0.9983330728759702,0.002041560446139034,0.998,0.0024494897427831805,0.003054316380803357,145,111.8711733341217,89479,3,sparse
SYN_REGULAR_C7,Plain,GCNConv,5,7,0.6321428571428571,0.026726124191242418,0.6217489446181549,0.02463290289555032,0.5708333333333333,0.03118047822311609,0.7925518778392246,65.6,37.286293745040894,39624,3,identity
SYN_REGULAR_C7,Plain,GATConv,5,7,0.6364285714285715,0.031412333467565716,0.6175644751877598,0.024877705814027685,0.5758333333333333,0.03664772237882661,0.833578245639801,22.6,33.0151608467102,41160,3,identity
SYN_REGULAR_C7,Plain,SAGEConv,5,7,0.5678571428571428,0.022246302146282038,0.5288604615434519,0.03184604377071608,0.4958333333333333,0.025954019170662382,0.8813777129990714,23.6,22.444017267227174,78024,3,identity
SYN_REGULAR_C7,Plain,GINConv,5,7,0.9707142857142858,0.01726149424799225,0.9706401550970813,0.017503267197349168,0.9658333333333333,0.02013840995599094,0.07235442775966866,126.4,52.56603918075562,89544,3,identity
SYN_REGULAR_C7,VerticalRes,GCNConv,5,7,0.6342857142857142,0.03903164597804072,0.6190639905691497,0.03913933349786621,0.5733333333333333,0.04553692030771418,0.7863043134553092,47.8,40.36711077690124,39624,3,identity
SYN_REGULAR_C7,VerticalRes,GATConv,5,7,0.6521428571428571,0.022314999074018987,0.629512489290032,0.015125436761419591,0.5941666666666665,0.02603416558635542,0.8158331142153059,23.8,38.2297176361084,41160,3,identity
SYN_REGULAR_C7,VerticalRes,SAGEConv,5,7,0.7428571428571429,0.02292400933697316,0.7349454144471894,0.024849237648737615,0.7,0.026744677559802,0.5723101908820016,99.6,53.5010941028595,78024,3,identity
SYN_REGULAR_C7,VerticalRes,GINConv,5,7,0.9992857142857143,0.0014285714285714236,0.9992856026611301,0.0014287946777398197,0.9991666666666666,0.0016666666666666607,0.007416616631006556,100.6,57.02876901626587,89544,3,identity
SYN_REGULAR_C7,HorizontalRes,GCNConv,5,7,0.6128571428571429,0.021380899352993955,0.5905823511642018,0.02525442137054314,0.5483333333333333,0.024944382578492897,0.8481470199993678,18.2,31.980219697952272,39624,3,identity
SYN_REGULAR_C7,HorizontalRes,GATConv,5,7,0.6857142857142857,0.03218251521733947,0.6791758118001598,0.030021065824257755,0.6333333333333333,0.03754626775356272,0.7205555098397392,37.4,50.32908444404602,41160,3,identity
SYN_REGULAR_C7,HorizontalRes,SAGEConv,5,7,0.6957142857142857,0.054744303589599225,0.681276971324601,0.0601186439226939,0.6449999999999999,0.06386835418786573,0.670913498061044,57.4,45.24184589385986,78024,3,identity
SYN_REGULAR_C7,HorizontalRes,GINConv,5,7,0.9664285714285714,0.008630747123996092,0.9661537754358174,0.008820736076347778,0.9608333333333332,0.010069204977995442,0.10221840283700398,115.2,69.20544867515564,89544,3,identity
SYN_REGULAR_C7,MatrixRes,GCNConv,5,7,0.6392857142857143,0.029709477632979157,0.6295201649095642,0.030301971808037148,0.5791666666666667,0.03466105723847569,0.7812697969164167,50.4,72.28129930496216,39624,3,identity
SYN_REGULAR_C7,MatrixRes,GATConv,5,7,0.69,0.018543935693924523,0.6808752419497176,0.0152294781390299,0.6383333333333333,0.02163459164291194,0.7015824273654393,42.8,79.76021804809571,41160,3,identity
SYN_REGULAR_C7,MatrixRes,SAGEConv,5,7,0.7421428571428571,0.020127146862293395,0.7328292249804848,0.029341432490287974,0.6991666666666666,0.023481671339342293,0.5692705278737205,100,93.71454539299012,78024,3,identity
SYN_REGULAR_C7,MatrixRes,GINConv,5,7,1.0,0.0,1.0,0.0,1.0,0.0,1.14283150160028e-06,176.4,128.89849557876587,89544,3,identity
SYN_REGULAR_C7,MatrixResGated,GCNConv,5,7,0.63,0.022429026383010815,0.6165742474265062,0.025736029683318506,0.5683333333333332,0.0261671974468459,0.7950327954973493,43.4,70.5908305644989,39624,3,sparse
SYN_REGULAR_C7,MatrixResGated,GATConv,5,7,0.6878571428571428,0.012896764346619865,0.672326986769271,0.014054673645880533,0.6358333333333334,0.01504622507105654,0.7041068516458784,42.6,80.34725418090821,41160,3,sparse
SYN_REGULAR_C7,MatrixResGated,SAGEConv,5,7,0.7442857142857143,0.02040408122440814,0.7375936172571382,0.016254007587719038,0.7016666666666667,0.023804761428476155,0.5664456496919905,109.4,102.2328004360199,78024,3,sparse
SYN_REGULAR_C7,MatrixResGated,GINConv,5,7,1.0,0.0,1.0,0.0,1.0,0.0,4.965216374038002e-06,143.8,124.09157400131225,89544,3,sparse
SYN_REGULAR_C8,Plain,GCNConv,5,8,0.57125,0.03108707528861471,0.5548390554574404,0.02720929483140501,0.51,0.0355280860441311,0.9461840343475342,43.2,38.201512813568115,39689,3,identity
SYN_REGULAR_C8,Plain,GATConv,5,8,0.5475,0.02790889195220764,0.53262617319925,0.028410733047388982,0.4828571428571429,0.03189587651680873,1.0384991717338563,14,34.32504243850708,41225,3,identity
SYN_REGULAR_C8,Plain,SAGEConv,5,8,0.568125,0.042591812593502046,0.5469703697349866,0.051826823664849475,0.5064285714285715,0.04867635724971662,0.948445382118225,19,25.101645994186402,78089,3,identity
SYN_REGULAR_C8,Plain,GINConv,5,8,0.9825,0.010933034802834933,0.9824473756697413,0.010959093150642873,0.98,0.012494896917525622,0.047397065572440625,145,65.70940136909485,89609,3,identity
SYN_REGULAR_C8,VerticalRes,GCNConv,5,8,0.575625,0.028394541729001372,0.5625350940945921,0.02133655465685,0.515,0.03245090483314442,0.944490647315979,45,46.89302549362183,39689,3,identity
SYN_REGULAR_C8,VerticalRes,GATConv,5,8,0.57,0.010193441518937566,0.5570887315283288,0.015080111782734445,0.5085714285714286,0.011649647450214363,0.9554513311386109,21.6,44.32703275680542,41225,3,identity
SYN_REGULAR_C8,VerticalRes,SAGEConv,5,8,0.715,0.016225943732183976,0.7041389822265097,0.024901424250001063,0.6742857142857143,0.01854393569392453,0.6522799754142762,74.8,53.19723725318909,78089,3,identity
SYN_REGULAR_C8,VerticalRes,GINConv,5,8,1.0,0.0,1.0,0.0,1.0,0.0,0.004872225085273385,100.2,66.56887097358704,89609,3,identity
SYN_REGULAR_C8,HorizontalRes,GCNConv,5,8,0.5575,0.03165981285478485,0.5404853795907267,0.032474960317337244,0.4942857142857143,0.03618264326261126,0.982646074295044,16.2,37.5882125377655,39689,3,identity
SYN_REGULAR_C8,HorizontalRes,GATConv,5,8,0.599375,0.015983389815680506,0.5843108738324463,0.009095090559028216,0.5421428571428571,0.018266731217920575,0.8905196237564087,22.2,49.37352328300476,41225,3,identity
SYN_REGULAR_C8,HorizontalRes,SAGEConv,5,8,0.58625,0.05814851674806502,0.5681947729594528,0.06208337166588739,0.5271428571428571,0.0664554477120743,0.9121617698669434,32.4,40.677606868743894,78089,3,identity
SYN_REGULAR_C8,HorizontalRes,GINConv,5,8,0.983125,0.010752906583803287,0.9831390571844159,0.010737567696022722,0.9807142857142858,0.012289036095775177,0.04847850505262613,117.4,82.57322306632996,89609,3,identity
SYN_REGULAR_C8,MatrixRes,GCNConv,5,8,0.578125,0.027386127875258303,0.5669349653510646,0.02165802880269011,0.5178571428571429,0.03129843185743806,0.9511300897598266,40,80.0453109741211,39689,3,identity
SYN_REGULAR_C8,MatrixRes,GATConv,5,8,0.62375,0.011110243021644484,0.6204659200098868,0.012209069937509186,0.5700000000000001,0.012697420596165111,0.8450988888740539,53.4,101.83039016723633,41225,3,identity
SYN_REGULAR_C8,MatrixRes,SAGEConv,5,8,0.761875,0.01610512340840643,0.7588999878387997,0.015354356815755539,0.7278571428571429,0.01840585532389305,0.5724955296516419,113,119.67157340049744,78089,3,identity
SYN_REGULAR_C8,MatrixRes,GINConv,5,8,1.0,0.0,1.0,0.0,1.0,0.0,3.768295749750905e-07,211,155.736731672287,89609,3,identity
SYN_REGULAR_C8,MatrixResGated,GCNConv,5,8,0.575,0.028020639714324874,0.559214450267087,0.02741822583052032,0.5142857142857143,0.03202358824494272,0.9491143012046814,46.8,85.5893346786499,39689,3,sparse
SYN_REGULAR_C8,MatrixResGated,GATConv,5,8,0.634375,0.018749999999999992,0.6274478415104501,0.01655135072082137,0.5821428571428571,0.021428571428571404,0.8244154453277588,56.8,107.67459869384766,41225,3,sparse
SYN_REGULAR_C8,MatrixResGated,SAGEConv,5,8,0.74125,0.018687395484657573,0.7386988412134523,0.01814522842074023,0.7042857142857143,0.021357023411037207,0.6227966606616974,101,114.57741703987122,78089,3,sparse
SYN_REGULAR_C8,MatrixResGated,GINConv,5,8,1.0,0.0,1.0,0.0,1.0,0.0,2.3897014102658434e-06,168.4,131.4784016609192,89609,3,sparse
